id,name_en,description_en,related_product_ids,list_price,discounted_price,short_description_en,sku
1,Joust Duffle Bag,"&lt;p&gt;The sporty Joust Duffle Bag can't be beat - not in the gym, not on the luggage carousel, not anywhere. Big enough to haul a basketball or soccer ball and some sneakers with plenty of room to spare, it's ideal for athletes with places to go.&lt;p&gt; &lt;ul&gt; &lt;li&gt;Dual top handles.&lt;/li&gt; &lt;li&gt;Adjustable shoulder strap.&lt;/li&gt; &lt;li&gt;Full-length zipper.&lt;/li&gt; &lt;li&gt;L 29&quot; x W 13&quot; x H 11&quot;.&lt;/li&gt; &lt;/ul&gt;","3,4,5,6,7,12,13,14",34,34,,24-MB01
2,Strive Shoulder Pack,"&lt;p&gt;Convenience is next to nothing when your day is crammed with action. So whether you're heading to class, gym, or the unbeaten path, make sure you've got your Strive Shoulder Pack stuffed with all your essentials, and extras as well.&lt;/p&gt; &lt;ul&gt; &lt;li&gt;Zippered main compartment.&lt;/li&gt; &lt;li&gt;Front zippered pocket.&lt;/li&gt; &lt;li&gt;Side mesh pocket.&lt;/li&gt; &lt;li&gt;Cell phone pocket on strap.&lt;/li&gt; &lt;li&gt;Adjustable shoulder strap and top carry handle.&lt;/li&gt; &lt;/ul&gt;","1,3,4,5,6,7,11,12,13,14",32,32,,24-MB04
3,Crown Summit Backpack,"&lt;p&gt;The Crown Summit Backpack is equally at home in a gym locker, study cube or a pup tent, so be sure yours is packed with books, a bag lunch, water bottles, yoga block, laptop, or whatever else you want in hand. Rugged enough for day hikes and camping trips, it has two large zippered compartments and padded, adjustable shoulder straps.&lt;/p&gt; &lt;ul&gt; &lt;li&gt;Top handle.&lt;/li&gt; &lt;li&gt;Grommet holes.&lt;/li&gt; &lt;li&gt;Two-way zippers.&lt;/li&gt; &lt;li&gt;H 20&quot; x W 14&quot; x D 12&quot;.&lt;/li&gt; &lt;li&gt;Weight: 2 lbs, 8 oz. Volume: 29 L.&lt;/li&gt; &lt;ul&gt;","4,5,6,7,13,14",38,38,,24-MB03
4,Wayfarer Messenger Bag,"&lt;p&gt;Perfect for class, work or the gym, the Wayfarer Messenger Bag is packed with pockets. The dual-buckle flap closure reveals an organizational panel, and the roomy main compartment has spaces for your laptop and a change of clothes. An adjustable shoulder strap and easy-grip handle promise easy carrying.&lt;/p&gt; &lt;ul&gt; &lt;li&gt;Multiple internal zip pockets.&lt;/li&gt; &lt;li&gt;Made of durable nylon.&lt;/li&gt; &lt;/ul&gt;","6,7",45,45,,24-MB05
5,Rival Field Messenger,"&lt;p&gt;The Rival Field Messenger packs all your campus, studio or trail essentials inside a unique design of soft, textured leather - with loads of character to spare. Two exterior pockets keep all your smaller items handy, and the roomy interior offers even more space.&lt;/p&gt; &lt;ul&gt; &lt;li&gt;Leather construction.&lt;/li&gt; &lt;li&gt;Adjustable fabric carry strap.&lt;/li&gt; &lt;li&gt;Dimensions: 18&quot; x 10&quot; x 4&quot;.&lt;/li&gt; &lt;/ul&gt;","6,7",45,45,,24-MB06
6,Fusion Backpack,"&lt;p&gt;With the Fusion Backpack strapped on, every trek is an adventure - even a bus ride to work. That's partly because two large zippered compartments store everything you need, while a front zippered pocket and side mesh pouches are perfect for stashing those little extras, in case you change your mind and take the day off.&lt;/p&gt; &lt;ul&gt; &lt;li&gt;Durable nylon construction.&lt;/li&gt; &lt;li&gt;2 main zippered compartments.&lt;/li&gt; &lt;li&gt;1 exterior zippered pocket.&lt;/li&gt; &lt;li&gt;Mesh side pouches.&lt;/li&gt; &lt;li&gt;Padded, adjustable straps.&lt;/li&gt; &lt;li&gt;Top carry handle.&lt;/li&gt; &lt;li&gt;Dimensions: 18&quot; x 10&quot; x 6&quot;.&lt;/li&gt; &lt;/ul&gt;",7,59,59,,24-MB02
7,Impulse Duffle,"&lt;p&gt;Good for beach trips, track meets, yoga retreats and more, the Impulse Duffle is the companion you'll want at your side. A large U-shaped opening makes packing a hassle-free affair, while a zippered interior pocket keeps jewelry and other small valuables safely tucked out of sight.&lt;/p&gt; &lt;ul&gt; &lt;li&gt;Wheeled.&lt;/li&gt; &lt;li&gt;Dual carry handles.&lt;/li&gt; &lt;li&gt;Retractable top handle.&lt;/li&gt; &lt;li&gt;W 14&quot; x H 26&quot; x D 11&quot;.&lt;/li&gt; &lt;/ul&gt;",,74,50,,24-UB02
8,Voyage Yoga Bag,"&lt;p&gt;Everything you need for a trip to the gym will fit inside this surprisingly spacious Voyage Yoga Bag. Stock it with a water bottle, change of clothes, pair of shoes, and even a few beauty products. Fits inside a locker and zips shut for security.&lt;/p&gt; &lt;ul&gt; &lt;li&gt;Slip pocket on front.&lt;/li&gt; &lt;li&gt;Contrast piping.&lt;/li&gt; &lt;li&gt;Durable nylon construction.&lt;/li&gt; &lt;/ul&gt;","1,3,4,5,6,7,11,12,13,14",32,32,,24-WB01
9,Compete Track Tote,"&lt;p&gt;The Compete Track Tote holds a host of exercise supplies with ease. Stash your towel, jacket and street shoes inside. Tuck water bottles in easy-access external spaces. Perfect for trips to gym or yoga studio, with dual top handles for convenience to and from.&lt;p&gt; &lt;ul&gt; &lt;li&gt;Two-way zippers.&lt;/li&gt; &lt;li&gt;Contrast detailing.&lt;/li&gt; &lt;li&gt;W 22.0&quot; x H 17&quot; x D 10&quot;.&lt;/li&gt; &lt;/ul&gt;","1,3,4,5,6,7,11,12,13,14",32,32,,24-WB02
10,Savvy Shoulder Tote,"&lt;p&gt;Powerwalking to the gym or strolling to the local coffeehouse, the Savvy Shoulder Tote lets you stash your essentials in sporty style! A top-loading compartment provides quick and easy access to larger items, while zippered pockets on the front and side hold cash, credit cards and phone.&lt;/p&gt; &lt;ul&gt; &lt;li&gt;Water-resistant shell.&lt;/li&gt; &lt;li&gt;Water bottle pocket.&lt;/li&gt; &lt;li&gt;Padded, articulating shoulder strap.&lt;/li&gt; &lt;li&gt;Dimensions: W 21&quot; x H 15&quot; x D 10&quot;.&lt;/li&gt; &lt;/ul&gt;","1,3,4,5,6,7,11,12,13,14",32,32,,24-WB05
11,Endeavor Daytrip Backpack,"&lt;p&gt;With more room than it appears, the Endeavor Daytrip Backpack will hold a whole day's worth of books, binders and gym clothes. The spacious main compartment includes a dedicated laptop sleeve. Two other compartments offer extra storage space.&lt;/p&gt; &lt;ul&gt; &lt;li&gt;Foam-padded adjustable shoulder straps.&lt;/li&gt; &lt;li&gt;900D polyester.&lt;/li&gt; &lt;li&gt;Oversized zippers.&lt;/li&gt; &lt;li&gt;Locker loop.&lt;/li&gt; &lt;/ul&gt;","1,3,4,5,6,7,12,13,14",33,33,,24-WB06
12,Driven Backpack,"&lt;p&gt;School books, camp gear and yoga clothes get along just fine in the all-purpose Driven Backpack. Crafted with tough polyester ripstop fabric, it's outfitted with rubberized end panels and padded, adjustable shoulder straps. The roomy main compartment features molded foam pockets that host everything you need.&lt;/p&gt; &lt;ul&gt; &lt;li&gt;Large main and small zip compartments.&lt;/li&gt; &lt;li&gt;Adjustable, padded straps.&lt;/li&gt; &lt;li&gt;Interior foam pockets.&lt;/li&gt; &lt;li&gt;Exterior zip compartment.&lt;/li&gt; &lt;li&gt;Left sport bottle pocket.&lt;/li&gt; &lt;li&gt;Survival gear sold separately.&lt;/li&gt; &lt;/ul&gt;","3,4,5,6,7,13,14",36,36,,24-WB03
13,Overnight Duffle,"&lt;p&gt;For long weekends away, camping outings and business trips, the Overnight Duffle can't be beat. The dual handles make it a cinch to carry, while the durable waterproof exterior helps you worry less about the weather. With multiple organizational pockets inside and out, it's the perfect travel companion.&lt;/p&gt; &lt;ul&gt; &lt;li&gt;Dual top handles.&lt;/li&gt; &lt;li&gt;W 15&quot; x H 15&quot; x D 9&quot;.&lt;/li&gt; &lt;/ul&gt;","6,7",45,45,,24-WB07
14,Push It Messenger Bag,"&lt;p&gt;The name says so, but the Push It Messenger Bag is much more than a busy commuter's tote. It's a closet away from home when you're pedaling from class or work to gym and back or home again. It's the perfect size and shape for laptop, folded clothes, even extra shoes.&lt;/p&gt; &lt;ul&gt; &lt;li&gt;Adjustable crossbody strap.&lt;/li&gt; &lt;li&gt;Top handle.&lt;/li&gt; &lt;li&gt;Zippered interior pocket.&lt;/li&gt; &lt;li&gt;Secure clip closures.&lt;/li&gt; &lt;li&gt;Durable fabric construction.&lt;/li&gt; &lt;/ul&gt;","6,7",45,45,,24-WB04
15,Affirm Water Bottle,"&lt;p&gt;You'll stay hydrated with ease with the Affirm Water Bottle by your side or in hand. Measurements on the outside help you keep track of how much you're drinking, while the screw-top lid prevents spills. A metal carabiner clip allows you to attach it to the outside of a backpack or bag for easy access.&lt;/p&gt; &lt;ul&gt; &lt;li&gt;Made of plastic.&lt;/li&gt; &lt;li&gt;Grooved sides for an easy grip.&lt;/li&gt; &lt;/ul&gt;",,7,7,,24-UG06
16,Dual Handle Cardio Ball,"&lt;p&gt;Make the most of your limited workout window with our Dual-Handle Cardio Ball. The 15-lb ball maximizes the effort-impact to your abdominal, upper arm and lower-body muscles. It features a handle on each side for a firm, secure grip.&lt;/p&gt; &lt;ul&gt; &lt;li&gt;Durable plastic shell with sand fill. &lt;li&gt;Two handles. &lt;li&gt;15 lbs. &lt;/ul&gt;",,12,12,,24-UG07
17,Zing Jump Rope,"&lt;p&gt;One of the world's simplest and most portable exercise devices, a jump rope enables endless variations and fitness output. The Zing Jump Rope goes anywhere and can be used any time. It is adjustable in length and has contoured foam handles for a great grip.&lt;/p&gt; &lt;ul&gt; &lt;li&gt; Contoured foam handles. &lt;li&gt; Adjustable length. &lt;/ul&gt;",,12,12,,24-UG04
18,Pursuit Lumaflex&amp;trade; Tone Band,"&lt;p&gt;Save your knees and joints while strengthening arms, legs and core with the Pursuit Lumaflex&amp;trade; Tone Band. This ultra-durable training tool lets you complete a full-body workout free of bulky machines or free weights.&lt;/p&gt; &lt;ul&gt; &lt;li&gt;Home and/or gym use.&lt;/li&gt; &lt;li&gt;Ergonomic handles.&lt;/li&gt; &lt;/ul&gt;",,16,16,,24-UG02
19,Go-Get'r Pushup Grips,"&lt;p&gt;The Go-Get'r Pushup Grips safely provide the extra range of motion you need for a deep-dip routine targeting core, shoulder, chest and arm strength. Do fewer pushups using more energy, getting better results faster than the standard floor-level technique yield.&lt;/p&gt; &lt;ul&gt; &lt;li&gt;Durable foam grips.&lt;/li&gt; &lt;li&gt;Supportive base.&lt;/li&gt; &lt;/ul&gt;",,19,19,,24-UG05
20,Quest Lumaflex&amp;trade; Band,"&lt;p&gt;From leg extensions and standing squats to a full range of floor routines, the Quest Strength Band brings your own personal gym with you everywhere you go. Designed to add extra resistance to any training session, this strength band helps you tone and define your muscles. You'll love the extra comfort of its grippy handles and adjustable design.&lt;/p&gt; &lt;ul&gt; &lt;li&gt;Adjusts from 30&quot; to 55&quot;. &lt;li&gt;Grippy comfort handles. &lt;li&gt;Stretchy rubber construction. &lt;/ul&gt;",,19,19,,24-UG01
21,Sprite Foam Yoga Brick,"&lt;p&gt;Our top-selling yoga prop, the 4-inch, high-quality Sprite Foam Yoga Brick is popular among yoga novices and studio professionals alike. An essential yoga accessory, the yoga brick is a critical tool for finding balance and alignment in many common yoga poses. Choose from 5 color options.&lt;/p&gt; &lt;ul&gt; &lt;li&gt;Standard Large Size: 4&quot; x 6&quot; x 9&quot;. &lt;li&gt;Beveled edges for ideal contour grip. &lt;li&gt;Durable and soft, scratch-proof foam. &lt;li&gt;Individually wrapped. &lt;li&gt;Ten color choices. &lt;/ul&gt;",,5,5,,24-WG084
22,Sprite Foam Roller,"&lt;p&gt;It hurts so good to use the Sprite Foam Roller on achy, tired muscles for myofascial massage therapy. Or you can add this fundamental piece to your Pilates and yoga accouterment, or apply towards core stability, strengthening and balance exercise. &lt;/p&gt; &lt;ul&gt; &lt;li&gt;6'' wide by 12'' long.&lt;/li&gt; &lt;li&gt;Safe for myofascial release.&lt;/li&gt; &lt;li&gt;EPP or PE foam options.&lt;/li&gt; &lt;li&gt;Solid, dense, closed-cell foam.&lt;/li&gt; &lt;/ul&gt;",,19,19,,24-WG088
23,Harmony Lumaflex&amp;trade; Strength Band Kit,"&lt;p&gt;Forget fancy machines and costly memberships - the Harmony Lumaflex&amp;trade; Stength Band Kit is all you need for an amazing workout. The kit has everything you need for a range of strengthening and toning exercises.&lt;/p&gt; &lt;ul&gt; &lt;li&gt;Three flex bands.&lt;/li&gt; &lt;li&gt;Textured, ergonomic grips.&lt;/li&gt; &lt;li&gt;Adjustable lengths.&lt;/li&gt; &lt;li&gt;Mesh carry bag included.&lt;/li&gt; &lt;/ul&gt;",,22,22,,24-UG03
25,Sprite Stasis Ball 55 cm,"&lt;p&gt;The Sprite Stasis Ball gives you the toned abs, sides, and back you want by amping up your core workout. With bright colors and a burst-resistant design, it's a must-have for every hard-core exercise addict. Use for abdominal conditioning, balance training, yoga, or even physical therapy.&lt;/p&gt; &lt;ul&gt; &lt;li&gt;Durable, burst-resistant design.&lt;/li&gt; &lt;li&gt;Hand pump included.&lt;/li&gt; &lt;/ul&gt;",,23,23,,24-WG081-pink
27,Sprite Stasis Ball 65 cm,"&lt;p&gt;The Sprite Stasis Ball gives you the toned abs, sides, and back you want by amping up your core workout. With bright colors and a burst-resistant design, it's a must-have for every hard-core exercise addict. Use for abdominal conditioning, balance training, yoga, or even physical therapy.&lt;/p&gt; &lt;ul&gt; &lt;li&gt;65 cm plastic shell.&lt;/li&gt; &lt;li&gt;Durable, burst-resistant design.&lt;/li&gt; &lt;li&gt;Hand pump included.&lt;/li&gt; &lt;/ul&gt;",,27,27,,24-WG082-gray
31,Sprite Stasis Ball 75 cm,"&lt;p&gt;The Sprite Stasis Ball gives you the toned abs, sides, and back you want by amping up your core workout. With bright colors and a burst-resistant design, it's a must-have for every hard-core exercise addict. Use for abdominal conditioning, balance training, yoga, or even physical therapy.&lt;/p&gt; &lt;ul&gt; &lt;li&gt;75 cm plastic shell.&lt;/li&gt; &lt;li&gt;Durable, burst-resistant design.&lt;/li&gt; &lt;li&gt;Hand pump included.&lt;/li&gt; &lt;/ul&gt;",,32,32,,24-WG083-pink
33,Sprite Yoga Strap 6 foot,"&lt;p&gt;The Sprite Yoga Strap is your untiring partner in demanding stretches, holds and alignment routines. The strap's 100% organic cotton fabric is woven tightly to form a soft, textured yet non-slip surface. The plastic clasp buckle is easily adjustable, lightweight and durable under strain.&lt;/p&gt; &lt;ul&gt; &lt;li&gt;100% soft and durable cotton. &lt;li&gt;Plastic cinch buckle is easy to use. &lt;li&gt;Three natural colors made from phthalate and heavy metal free dyes. &lt;/ul&gt;",,14,14,,24-WG085
34,Sprite Yoga Strap 8 foot,"&lt;p&gt;The Sprite Yoga Strap is your untiring partner in demanding stretches, holds and alignment routines. The strap's 100% organic cotton fabric is woven tightly to form a soft, textured yet non-slip surface. The plastic clasp buckle is easily adjustable, lightweight and durable under strain.&lt;/p&gt; &lt;ul&gt; &lt;li&gt;8' long x 1.0&quot; wide. &lt;li&gt;100% soft and durable cotton. &lt;li&gt;Plastic cinch buckle is easy to use. &lt;li&gt;Three natural colors made from phthalate and heavy metal free dyes. &lt;/ul&gt;",,17,17,,24-WG086
35,Sprite Yoga Strap 10 foot,"&lt;p&gt;The Sprite Yoga Strap is your untiring partner in demanding stretches, holds and alignment routines. The strap's 100% organic cotton fabric is woven tightly to form a soft, textured yet non-slip surface. The plastic clasp buckle is easily adjustable, lightweight and durable under strain.&lt;/p&gt; &lt;ul&gt; &lt;li&gt;10' long x 1.0&quot; wide. &lt;li&gt;100% soft and durable cotton. &lt;li&gt;Plastic cinch buckle is easy to use. &lt;li&gt;Three natural colors made from phthalate and heavy metal free dyes. &lt;/ul&gt;",,21,21,,24-WG087
36,Aim Analog Watch,"&lt;p&gt;Stay light-years ahead of the competition with our Aim Analog Watch. The flexible, rubberized strap is contoured to conform to the shape of your wrist for a comfortable all-day fit. The face features three illuminated hands, a digital read-out of the current time, and stopwatch functions.&lt;/p&gt; &lt;ul&gt; &lt;li&gt;Japanese quartz movement.&lt;/li&gt; &lt;li&gt;Strap fits 7&quot; to 8.0&quot;.&lt;/li&gt; &lt;/ul&gt;",,45,45,,24-MG04
37,Endurance Watch,"&lt;p&gt;It's easy to track and monitor your training progress with the Endurance Watch. You'll see standard info like time, date and day of the week, but it also functions for the serious high-mileage athete: lap counter, stopwatch, distance, heart rate, speed/pace, cadence and altitude.&lt;/p&gt; &lt;ul&gt; &lt;li&gt;Digital display.&lt;/li&gt; &lt;li&gt;LED backlight.&lt;/li&gt; &lt;li&gt;Strap fits 7&quot; to 10&quot;.&lt;/li&gt; &lt;li&gt;1-year limited warranty.&lt;/li&gt; &lt;li&gt;Comes with polished metal case.&lt;/li&gt; &lt;/ul&gt;",,49,49,,24-MG01
38,Summit Watch,"&lt;p&gt;Trek high and low in the attractive Summit Watch, which features a digital LED display with time and date, stopwatch, lap counter, and 3-second backlight. It can also calculate the number of steps taken and calories burned.&lt;/p&gt; &lt;ul&gt; &lt;li&gt;Brushed metal case.&lt;/li&gt; &lt;li&gt;Water resistant (100 meters).&lt;/li&gt; &lt;li&gt;Buckle clasp.&lt;/li&gt; &lt;li&gt;Strap fits 7&quot; - 10&quot;.&lt;/li&gt; &lt;li&gt;1-year limited warranty.&lt;/li&gt; &lt;/ul&gt;",,54,54,,24-MG03
39,Cruise Dual Analog Watch,"&lt;p&gt;Whether you're traveling or wish you were, you'll never let time zones perplex you again with the Cruise Dual Analog Watch. The thick, adjustable band promises a comfortable, personalized fit to this classy, modern time piece.&lt;/p&gt; &lt;ul&gt; &lt;li&gt;Two dials.&lt;/li&gt; &lt;li&gt;Stainless steel case.&lt;/li&gt; &lt;li&gt;Adjustable leather band.&lt;/li&gt; &lt;/ul&gt;",,55,55,,24-MG05
40,Dash Digital Watch,"&lt;p&gt;The Dash Digital Watch will challenge you to push harder and longer. Log workouts by date, average, and segment times, and recharge by setting hydration and nutrition alarms. This watch is styled with a sleek, square face and durable rubber strap for a long life.&lt;/p&gt; &lt;ul&gt; &lt;li&gt;Digital display.&lt;/li&gt; &lt;li&gt;LED backlight.&lt;/li&gt; &lt;li&gt;Rubber strap with buckle clasp.&lt;/li&gt; &lt;li&gt;1-year limited warranty.&lt;/li&gt;",,92,92,,24-MG02
41,Luma Analog Watch,"&lt;p&gt;Designed to stand up to your active lifestyle, this women's Luma Analog Watch features a tasteful brushed chrome finish and a stainless steel, water-resistant construction for lasting durability.&lt;/p&gt; &lt;ul&gt; &lt;li&gt;Precision Miyota&amp;reg; three-hand movement.&lt;/li&gt; &lt;/ul&gt;",,43,43,,24-WG09
42,Bolo Sport Watch,"&lt;p&gt;The Bolo Sport Watch is sleek, sporty and sized just right to fit your smaller wrist. Easy to read and set up, it features a large digital face and button-activated alarm and stopwatch. The soft-touch resin band promises no-pinch comfort, while the water-resistant design lets you take your workout to the lap pool.&lt;/p&gt; &lt;ul&gt; &lt;li&gt;Displays time, day and date.&lt;/li&gt; &lt;li&gt;Two-tone design.&lt;/li&gt; &lt;li&gt;12/24 hour formats.&lt;/li&gt; &lt;li&gt;Nickel-free buckle on band.&lt;/li&gt; &lt;li&gt;Battery included.&lt;/li&gt; &lt;/ul&gt;",,49,49,,24-WG01
43,Clamber Watch,"&lt;p&gt;Keep track of time on the treadmill or trail with our Clamber Watch. The flexible, rubberized strap is contoured to conform to your wrist for a comfortable fit all day. The face features an illuminated digital read-out of the current time and stopwatch functions.&lt;/p&gt; &lt;ul&gt; &lt;li&gt;Japanese quartz movement.&lt;/li&gt; &lt;li&gt;Strap fits 5&quot; to 6.0&quot;.&lt;/li&gt; &lt;/ul&gt;",,54,54,,24-WG03
44,Didi Sport Watch,"&lt;p&gt;The Didi Sport Watch helps you keep your workout plan down to the second. The vertical, digital face looks sleek and futuristic. This watch is programmed with tons of helpful features such as a timer, an alarm clock, a pedometer, and more to help make your excercise more productive.&lt;/p&gt; &lt;ul&gt; &lt;li&gt;Digital display.&lt;/li&gt; &lt;li&gt;LED backlight.&lt;/li&gt; &lt;li&gt;Rubber strap with buckle clasp.&lt;/li&gt; &lt;li&gt;1-year limited warranty.&lt;/li&gt; &lt;/ul&gt;",,92,92,,24-WG02
46,Beginner's Yoga,"&lt;p&gt;Beginner's Yoga starts you down the path toward strength, balance and mental focus. With this video download, you don't have to be a great athlete or gym guru to learn the best and most basic techniques for lifelong yoga foundation. &lt;/p&gt; &lt;ul&gt; &lt;li&gt;Video download&lt;/li&gt; &lt;li&gt;Five workouts.&lt;/li&gt; &lt;li&gt;Balance, strength and endurance.&lt;/li&gt; &lt;li&gt;Flexibility and core strength.&lt;/li&gt; &lt;li&gt;Includes modification for novices.&lt;/li&gt; &lt;/ul&gt;",,6,6,"&lt;p&gt; The most difficult yoga poses to master are the ones learned incorrectly as a beginner. Luma's Beginner's Yoga is a fantastic way to break into your initial yoga session and begin the journey to a longer, leaner, healthier body. Confidently find your way into yoga with this effective yet gentle program. You'll learn proper alignment and how to sidestep common mistakes. &lt;/p&gt;",240-LV04
47,LifeLong Fitness IV,"&lt;p&gt;Luma LifeLong Fitness Series is a world recognized, evidence based exercise program designed specifically for individuals focused on staying active their whole lives. If followed regularly, participants will see improved heart rate and blood pressure, increased mobility, reduced joint pain and overall improvement in functional fitness and health.&lt;/&gt; &lt;ul&gt; &lt;li&gt;10 minute warm up.&lt;/li&gt; &lt;li&gt;30 minutes of mild aerobics.&lt;/li&gt; &lt;li&gt;20 minutes of strength, stretch and balance.&lt;/li&gt; &lt;li&gt;Extensive modifications for varying fitness levels.&lt;/li&gt; &lt;/ul&gt;",,14,14,"&lt;p&gt; The instructors and routines featured in LifeLong Fitness IV provide safe options to serve all types of physical conditions and abilities. Range of motion, body awareness and breathing practices are essential tools of yogic self-care, essential for maintaining alertness, health, and dignity over a lifetime. The LifeLong Fitness series acknowledges that as we age, the safety and sustainability of our exercise become as important as pushing our limits. &lt;/p&gt;",240-LV05
48,Yoga Adventure,"&lt;p&gt;Luma presents an innovative power vinyasa yoga class for intermediate and advanced practitioners. The video allows you to pace yourself, but more intense work yields longer rest. This class is great for more advanced students looking to learn proper alignment in their yoga practice.&lt;/p&gt; &lt;ul&gt; &lt;li&gt;Includes a breakdown of 12 different postures.&lt;/li&gt; &lt;li&gt;Chataranga Dandasana and prayer twist.&lt;/li&gt; &lt;li&gt;Challenging posture (side crow).&lt;/li&gt; &lt;li&gt;55 minutes of movement.&lt;/li&gt; &lt;/ul&gt;",,22,22,"&lt;p&gt; The practices on this downloadable training video are recommended only for experienced to advanced students. Those with the fundamental skills needed won't want to miss the insight and advice from world-renowned trainer Erin Renny in these exclusive Luma guided yoga sessions. Complete body, arm balance and leg strength workouts engage, strengthen and increase mobility. &lt;/p&gt;",240-LV06
49,Solo Power Circuit,"&lt;p&gt;Circuit training helps banish the boredom of traditional workouts. The Solo Power Circuit download lets you experience Luma's maximum efficiency circuit training in the training time you have available. Learn secrets to shed pounds, decrease body fat, sculpt amazing abs, and tone to reshape your entire body. You'll feel the difference after just one circuit.&lt;/p&gt; &lt;ul&gt; &lt;li&gt;Targets abs, arms and legs.&lt;/li&gt; &lt;li&gt;6 fun interval training circuits.&lt;/li&gt; &lt;li&gt;Easy to follow.&lt;/li&gt; &lt;li&gt;No special equipment needed.&lt;/li&gt; &lt;li&gt;43 minutes.&lt;/li&gt; &lt;/ul&gt;",,14,14,"&lt;p&gt; Many contemporary exercise trends sacrifice form and precision in favor of reps and &quot;PR&quot; goals. Luma's Solo Power Circuit teaches techniques to keep you safe. But don't think you'll get off easily: when it comes to building muscle and burning fat, these routines won't disappoint. A fusion of circuit training, yoga, Pilates and running, Solo Power Circuit brings out your sweatiest best. &lt;/p&gt;",240-LV07
50,Advanced Pilates &amp; Yoga (Strength),"&lt;p&gt;Advanced Pilates &amp; Yoga will help you to increase your flexibility and tone core muscle groups through an invigorating workout for your whole body. The Pilates workout is a thorough strength-conditioning session that boosts flexibility, endurance and posture. The Yoga workout incorporates legacy and new poses into one continuous routine that will leave you feeling exhausted and fulfilled at once.&lt;/p&gt; &lt;ul&gt; &lt;li&gt;Pilates-Yoga fusion.&lt;/li&gt; &lt;li&gt;Breathing warmup and cooldown.&lt;/li&gt; &lt;li&gt;Hour-long session.&lt;/li&gt; &lt;li&gt;High-definition video.&lt;/li&gt; &lt;ul&gt;",,18,18,"&lt;p&gt; No equipment needed. Advanced Pilates &amp; Yoga (Strength) is a muscle-defining program that employs balance, cardio and flexibility movements with plyometric and body-weight based exercises for an all-around, physically challenging workout. The Pilates elements of this compilation bring gentle resistance principals into the routines, emphasizing safety, technique and range of motion. &lt;/p&gt;",240-LV08
51,Luma Yoga For Life,"&lt;ul&gt;&lt;li&gt;Increase strength + flexibility + metabolism&lt;/li&gt;&lt;li&gt;Burn calories + feel great&lt;/li&gt;&lt;li&gt;Gain energy + youthfulness + mental wellness&lt;/li&gt; &lt;/ul&gt;&lt;h3 style=&quot;margin-top: 30px;&quot;&gt;Download description&lt;/h3&gt;&lt;p&gt;&lt;strong style=&quot;display: block; margin: 20px 0 5px;&quot;&gt;Tone up mind and body&lt;/strong&gt;Pro Yoga Instructor and Master Practitioner Marie Peale helps tone and sculpt your physique with her invigorating yet gentle approach.&lt;/p&gt;&lt;p&gt;You'll learn to use yoga to relax, control stress and increase your calorie-burning capacity, all while exploring traditional and new yoga poses that lengthen and strengthen your full muscular structure. &lt;/p&gt;&lt;ul&gt;&lt;li&gt;Easy download&lt;/li&gt;&lt;li&gt;Audio options: Music and instruction or instruction only&lt;/li&gt;&lt;li&gt;Heart rate techniques explained&lt;/li&gt;&lt;li&gt;Breathing techniques explained&lt;/li&gt;&lt;li&gt;Move through exercises at your own pace&lt;/li&gt;&lt;/ul&gt;&lt;p&gt;Two 25-minute workout episodes and one 40-minute workout episode with warm-up and cool down:&lt;/p&gt;&lt;p&gt;&lt;strong style=&quot;display: block; margin: 20px 0 5px;&quot;&gt;Episode 1&lt;/strong&gt;Creative, fun session geared toward opening your lungs. Combines stretching and breathing with a focus on hips and shoulders. &lt;/p&gt;&lt;p&gt;&lt;strong style=&quot;display: block; margin: 20px 0 5px;&quot;&gt;Episode 2&lt;/strong&gt;Ramp up the tempo and energy with calorie-burning flows. A stimulating workout introducing the body-sculpting power of yoga.&lt;/p&gt;&lt;p&gt;&lt;strong style=&quot;display: block; margin: 20px 0 5px;&quot;&gt;Episode 3&lt;/strong&gt;Push your fitness reach and stamina with an intense series of standing and floor exercises and poses. End this extra-length session with a meditative cool down.&lt;/p&gt;&lt;h3 style=&quot;margin-top: 30px;&quot;&gt;instructor bio&lt;/h3&gt;&lt;p&gt;&lt;strong style=&quot;display: block; margin: 20px 0 5px;&quot;&gt;About Marie&lt;/strong&gt;Marie is a trained martial artist and dancer with a BS in Biological Engineering and over 10 years as a certified yoga teacher. Marie has studied yoga in England, India and, in 2009, at the Ashraqat Ashram Yoga Farm in the United States. She has been teaching full time since then. Her focus on strength and wellness combines a deep knowledge of human biology and motivation guided by unconditional love for her audience.&lt;/p&gt;",,0,0,"&lt;p&gt; Luma founder Erin Renny on yoga and longevity: &quot;I won't promise you'll live longer with yoga. No one can promise that. But your life will be healthier, less stressful, and more physically in tune when you focus on connecting your mind and body or a regular basis. Yoga is my favorite way to express this connection. I want to share the secrets of lifelong yoga with anyone willing to breathe and learn with me.&quot; &lt;/p&gt;",240-LV09
67,Chaz Kangeroo Hoodie,"&lt;p&gt;Ideal for cold-weather training or work outdoors, the Chaz Hoodie promises superior warmth with every wear. Thick material blocks out the wind as ribbed cuffs and bottom band seal in body heat.&lt;/p&gt; &lt;p&gt;&amp;bull; Two-tone gray heather hoodie.&lt;br /&gt;&amp;bull; Drawstring-adjustable hood. &lt;br /&gt;&amp;bull; Machine wash/dry.&lt;/p&gt;",,52,52,,MH01
83,Teton Pullover Hoodie,"&lt;p&gt;This Teton Pullover Hoodie gives you more than laid-back style. It's equipped with moisture-wicking fabric to keep light and dry inside, especially in chilly-weather workouts. An elasticized hem lets you move about freely.&lt;/p&gt; &lt;p&gt;&amp;bull; Black pullover hoodie.&lt;br /&gt;&amp;bull; Soft, brushed interior. &lt;br /&gt;&amp;bull; Front hand pockets. &lt;br /&gt;&amp;bull; Machine wash/dry.&lt;/p&gt;",,70,70,,MH02
99,Bruno Compete Hoodie,"&lt;p&gt;Stay comfortable and stay in the race no matter what the weather's up to. The Bruno Compete Hoodie's water-repellent exterior shields you from the elements, while advanced fabric technology inside wicks moisture to keep you dry.&lt;/p&gt; &lt;p&gt;&amp;bull; Full zip black hoodie pullover. &lt;br /&gt;&amp;bull; Adjustable drawstring hood. &lt;br /&gt;&amp;bull; Ribbed cuffs/waistband. &lt;br /&gt;&amp;bull; Kangaroo pocket. &lt;br /&gt;&amp;bull; Machine wash/dry.&lt;/p&gt;",,63,63,,MH03
115,Frankie Sweatshirt,&lt;p&gt;The Frankie Sweatshirt is your best friend at long afternoon stadium stints or winter trailside campsites. The soft fleece fabric keeps you toasty as moisture-wicking technology kicks in when the sun comes out.&lt;/p&gt; &lt;p&gt;&amp;bull; Light green crewneck sweatshirt.&lt;br /&gt;&amp;bull; Hand pockets.&lt;br /&gt;&amp;bull; Relaxed fit.&lt;br /&gt;&amp;bull; Machine wash/dry.&lt;/p&gt;,,60,50,,MH04
131,Hollister Backyard Sweatshirt,"&lt;p&gt;Kick off your weekend in the Hollister Backyard Sweatshirt. Whether you're raking leaves or flipping burgers, this comfy layer blocks the bite of the crisp autumn air. Puffy thick from hood to hem, it traps heat against your core.&lt;/p&gt; &lt;p&gt;&amp;bull; Cream crewneck sweatshirt with navy sleeves/trim.&lt;br /&gt;&amp;bull; Relaxed fit. &lt;br /&gt;&amp;bull; Ribbed cuffs and hem. &lt;br /&gt;&amp;bull; Machine wash/dry.&lt;/p&gt;",,52,52,,MH05
147,Stark Fundamental Hoodie,"&lt;p&gt;You don't need bells and whistles when performance speaks for itself. The full-zip Stark Fundamental Hoodie give just what you need. Hood and fleece lining keep you warm, while breathable fabric and wicking technology won't let you overheat.&lt;/p&gt; &lt;p&gt;&amp;bull; Navy specked full zip hoodie.&lt;br /&gt;&amp;bull; Ribbed cuffs, banded waist.&lt;br /&gt;&amp;bull; Side pockets. &lt;br /&gt;&amp;bull; Machine wash/dry.&lt;/p&gt;",,42,42,,MH06
163,Hero Hoodie,"&lt;p&gt;Gray and black color blocking sets you apart as the Hero Hoodie keeps you warm on the bus, campus or cold mean streets. Slanted outsize front pockets keep your style real . . . convenient.&lt;/p&gt; &lt;p&gt;&amp;bull; Full-zip gray and black hoodie.&lt;br /&gt;&amp;bull; Ribbed hem.&lt;br /&gt;&amp;bull; Standard fit.&lt;br /&gt;&amp;bull; Drawcord hood cinch.&lt;br /&gt;&amp;bull; Water-resistant coating.&lt;/p&gt;",,54,42,,MH07
179,Oslo Trek Hoodie,"&lt;p&gt;Chilly weather is just an excuse to throw on your toasty, handsome new Oslo Trek Hoodie. It features an adjustable drawstring hood and a kangaroo pocket for extra hand warmth. The ultra-soft, cozy lining will have you wishing for more brisk days.&lt;/p&gt; &lt;p&gt;&amp;bull; Brown hoodie with black detail.&lt;br /&gt;&amp;bull; Pullover. &lt;br /&gt;&amp;bull; Adjustable drawstring hood. &lt;br /&gt;&amp;bull; Ribbed cuffs/waistband. &lt;br /&gt;&amp;bull; Machine wash/dry.&lt;/p&gt;",,42,42,,MH08
195,Abominable Hoodie,"&lt;p&gt;It took CoolTech&amp;trade; weather apparel know-how and lots of wind-resistant fabric to get the Abominable Hoodie just right. It's aggressively warm when it needs to be, while maintaining your comfort in milder climes.&lt;/p&gt; &lt;p&gt;&amp;bull; Blue heather hoodie.&lt;br /&gt;&amp;bull; Relaxed fit. &lt;br /&gt;&amp;bull; Moisture-wicking. &lt;br /&gt;&amp;bull; Machine wash/dry.&lt;/p&gt;",,69,69,,MH09
211,Mach Street Sweatshirt,"&lt;p&gt;From hard streets to asphalt track, the Mach Street Sweatshirt holds up to wear and wind and rain. An infusion of performance and stylish comfort, with moisture-wicking LumaTech&amp;trade; fabric, it's bound to become an everyday part of your active lifestyle&lt;/p&gt; &lt;p&gt;&amp;bull; Navy heather crewneck sweatshirt.&lt;br /&gt;&amp;bull; LumaTech&amp;trade; moisture-wicking fabric.&lt;br /&gt;&amp;bull; Antimicrobial, odor-resistant.&lt;br /&gt;&amp;bull; Zip hand pockets.&lt;br /&gt;&amp;bull; Chafe-resistant flatlock seams.&lt;br /&gt;&amp;bull; Rib-knit cuffs and hem.&lt;/p&gt;",,62,58,,MH10
227,Grayson Crewneck Sweatshirt,"&lt;p&gt;The Grayson Crewneck Sweatshirt gives you that ageless, classic look &amp;ndash; a style that comes back around nearly every season. What's more, its performance and temp-control values are always in vogue.&lt;/p&gt; &lt;p&gt;&amp;bull; Cream crewneck sweatshirt with black accents.&lt;br /&gt;&amp;bull; 80% cotton/20% polyester fleece. &lt;br /&gt;&amp;bull; Patterned knit hood lining. &lt;br /&gt;&amp;bull; Knit cuffs and waist. &lt;br /&gt;&amp;bull; Pouch pocket. &lt;br /&gt;&amp;bull; Curl edged seam detail&lt;/p&gt;",,64,64,,MH11
243,Ajax Full-Zip Sweatshirt,"&lt;p&gt;The Ajax Full-Zip Sweatshirt makes the optimal layering or outer piece for archers, golfers, hikers and virtually any other sportsmen. Not only does it have top-notch moisture-wicking abilities, but the tight-weave fabric also prevents pilling from repeated wash-and-wear cycles.&lt;/p&gt; &lt;p&gt;&amp;bull; Mint striped full zip hoodie.&lt;br /&gt;&amp;bull; 100% bonded polyester fleece.&lt;br /&gt;&amp;bull; Pouch pocket.&lt;br /&gt;&amp;bull; Rib cuffs and hem. &lt;br /&gt;&amp;bull; Machine washable.&lt;/p&gt;",,69,69,,MH12
259,Marco Lightweight Active Hoodie,"&lt;p&gt;For cold-weather training or post-game layering, you need something more than a basic fleece. Our Marco Lightweight Active Hoodie brings both style and performance to the plate, court, or touchline. The smooth-faced, brushed-back fabric blocks wind and traps body heat, while integrated Cocona&amp;reg; fibers pull moisture away.&lt;/p&gt; &lt;p&gt;&amp;bull; Light blue heather full zip hoodie.&lt;br /&gt;&amp;bull; Fitted flatlock seams.&lt;br /&gt;&amp;bull; Matching lining and drawstring. &lt;br /&gt;&amp;bull; Machine wash/dry.&lt;/p&gt;",,74,74,,MH13
275,Beaumont Summit Kit,"&lt;p&gt;The smooth nylon shell around the Beaumont Summit Kit combats wind, reinforced with a cold-fighting brushed fleece layer. The jacket is reversible, giving you a new look for the return trek. Ample pocket space rounds out this hiker's paradise package.&lt;/p&gt; &lt;p&gt;&amp;bull; Yellow full zip rain jacket.&lt;br /&gt;&amp;bull; Full-zip front. &lt;br /&gt;&amp;bull; Stand-up collar. &lt;br /&gt;&amp;bull; Elasticized cuffs. &lt;br /&gt;&amp;bull; Machine wash/dry.&lt;/p&gt;",,42,10,,MJ01
291,Hyperion Elements Jacket,"&lt;p&gt;Boldly face high winds, frigid temps and stormy weather the whole winter through in the Hyperion Elements Jacket. LumaTech&amp;trade; insulating technology helps maintain your core temperature and wick sweat. The smooth shell is water repellent and quilted to retain body heat.&lt;/p&gt; &lt;p&gt;&amp;bull; Lime 1/4 zip pullover.&lt;br /&gt;&amp;bull; Split pocket. &lt;br /&gt;&amp;bull; Thumb holes. &lt;br /&gt;&amp;bull; Machine wash/hang to dry.&lt;/p&gt;",,51,51,,MJ02
307,Kenobi Trail Jacket,"&lt;p&gt;Aside from sealed seams to keep moisture out and body heat in, the Kenobi Trail Vest is all about media convenience. Use your phone and music player without ever taking it out of its cozy compartment: an attached remote on the left chest lets you change songs, pause and raise/lower volume.&lt;/p&gt; &lt;p&gt;&amp;bull; Black 1/4 zip pullover with royal zipper. &lt;br /&gt;&amp;bull; Adjustable hood and sleeve cuffs. &lt;br /&gt;&amp;bull; Machine wash/air dry.&lt;/p&gt;",,47,47,,MJ04
323,Orion Two-Tone Fitted Jacket,"&lt;p&gt;While you're getting fit, you need a fitted jacket to match. Striking color blocking patterns on hood, shoulders and arms are hallmarks of the Orion Two-Tone Fitted Jacket. They provide eye-catching contrast against the rich, torso tones of this 100% polyester, moisture-wicking essential.&lt;/p&gt; &lt;p&gt;&amp;bull; Red full zip fleece with gray insets.&lt;br /&gt;&amp;bull; Double-knit construction.&lt;br /&gt;&amp;bull; Full athletic cut.&lt;br /&gt;&amp;bull; Set in sleeves.&lt;br /&gt;&amp;bull; Front pouch pocket.&lt;/p&gt;",,72,72,,MJ07
339,Lando Gym Jacket,"&lt;p&gt;The Lando Gym Jacket offers strategic ventilation at perspiration-prone areas, while moisture-wicking technology helps you stay dry. Side-seam pockets house your favorite media device, so you're plugged in when working out.&lt;/p&gt; &lt;p&gt;&amp;bull; Gray polyester/spandex full zip jacket with orange lining. &lt;br /&gt;&amp;bull; Right pocket device storage.&lt;br /&gt;&amp;bull; Cocona&amp;reg; performance fabric. &lt;br /&gt;&amp;bull; Machine wash/dry.&lt;/p&gt;",,99,99,,MJ08
355,Taurus Elements Shell,"&lt;p&gt;What's a little rain or snow when you're inside the Taurus Elements Shell? This specially engineered Cocona&amp;reg; jacket lets you enjoy the great outdoors and brave the elements, thanks to the all-waterproof, breathable exterior.&lt;/p&gt; &lt;p&gt;&amp;bull; Yellow 1/4 zip pullover. &lt;br /&gt;&amp;bull; Two chest pockets.&lt;br /&gt;&amp;bull; Standard fit. &lt;br /&gt;&amp;bull; Waterproof, breathable, seam sealed. &lt;br /&gt;&amp;bull; Cocona&amp;reg; performance fabric. &lt;br /&gt;&amp;bull; Machine wash/dry.&lt;/p&gt;",,65,55,,MJ09
371,Mars HeatTech&amp;trade; Pullover,"&lt;p&gt;The Mars HeatTech&amp;trade; Jacket defense against winter climes so you can play offense in the park, on the trail or in the deck chair. Great for the ski lodge or stadium, it features a wind- and water-resistant outer shell with a draw-cord hood and deep pockets for storage.&lt;/p&gt; &lt;p&gt;&amp;bull; Red 1/4 zip pullover.&lt;br /&gt;&amp;bull; Adjustable VELCRO&amp;reg; sleeve cuffs. &lt;br /&gt;&amp;bull; Two hand pockets. &lt;br /&gt;&amp;bull; Napoleon pocket. &lt;br /&gt;&amp;bull; Machine wash/dry&lt;/p&gt;",,66,66,,MJ10
387,Typhon Performance Fleece-lined Jacket,"&lt;p&gt;Ironmen and couch warriors both reach for the Typhon Performance Fleece-lined Jacket. After all, no man can resist ultra-soft microfleece lining. Flatlock seams make it ideal for wearing over everything from tanks and tees to high-tech base layers.&lt;/p&gt; &lt;p&gt;&amp;bull; Black full-zip flight jacket.&lt;br /&gt;&amp;bull; Cocona&amp;reg; wicking fiber.&lt;br /&gt;&amp;bull; Machine wash/dry.&lt;/p&gt;",,60,60,,MJ11
403,Jupiter All-Weather Trainer,"&lt;p&gt;Inclement climate be damned. With your breathable, water-resistant Jupiter All-Weather Trainer, you can focus on fuel and form and leave protection and comfort to us. The fabric is a special light fleece that wicks moisture and insulates at once.&lt;/p&gt; &lt;p&gt;&amp;bull; Relaxed fit. &lt;br /&gt;&amp;bull; Hand pockets. &lt;br /&gt;&amp;bull; Machine wash/dry.&lt;br /&gt;&amp;bull; Reflective safety trim.&lt;/p&gt;",,56.99,56.99,,MJ06
419,Montana Wind Jacket,"&lt;p&gt;Light-as-a-feather wind protection for runners, walkers and outdoor fitness buffs, the Montana Wind Jacket can be stuffed into your pocket for portable protection. Its stylish, move-with-you design makes it especially versatile.&lt;/p&gt; &lt;p&gt;Adjustable hood. &lt;br /&gt;Split pocket. &lt;br /&gt;Thumb holes. &lt;br /&gt;Machine wash/hang to dry.&lt;/p&gt;",,49,40,,MJ03
435,Proteus Fitness Jackshirt,"&lt;p&gt;Part jacket, part shirt, the Proteus Fitness Jackshirt makes an ideal companion for outdoor training, camping or loafing on crisp days. Natural Cocona&amp;reg; technology brings breathable comfort and increased dryness along with UV protection and odor management. The drop-tail hem provides extra coverage when you're riding a bike or replacing a sink valve.&lt;/p&gt; &lt;p&gt;&amp;bull; 1/4 zip. Stand-up collar. &lt;br /&gt;&amp;bull; Machine wash/dry.&lt;br /&gt;&amp;bull; Quilted inner layer.&lt;/p&gt;",,45,45,,MJ12
451,Gobi HeatTec&amp;reg; Tee,"&lt;p&gt;When the training gets intense, the Gobi HeatTec&amp;reg; Tee works as hard as you do to maintain your cool. The moisture-wicking material promises drier comfort, while breathable side panels deliver extra stretch that's sure to keep you moving.&lt;/p&gt; &lt;p&gt;&amp;bull; Orange micropolyester shirt.&lt;br /&gt;&amp;bull; HeatTec&amp;reg; wicking fabric.&lt;br /&gt;&amp;bull; Crew neckline. &lt;br /&gt;&amp;bull; Machine wash/dry.&lt;/p&gt;",,29,29,,MS04
467,Helios EverCool&amp;trade; Tee,"&lt;p&gt;Pumping iron or dialing the track, you've got cool comfort on your side in our short-sleeve Helios EverCool&amp;trade; Tee. The fabric is infused with moisture-wicking technology that pulls sweat off your skin for speedy evaporation. Stretchy fabric gussets encourage ventilation while increasing your range of motion.&lt;/p&gt; &lt;p&gt;&amp;bull; Teal quick dry tee.&lt;br /&gt;&amp;bull; Relaxed fit. &lt;br /&gt;&amp;bull; Crew neckline. &lt;br /&gt;&amp;bull; Machine wash/dry.&lt;/p&gt;",,24,24,,MS05
483,Ryker LumaTech&amp;trade; Tee (Crew-neck),&lt;p&gt;The crew-neck Ryker LumaTech&amp;trade; Tee hides premium performance technology beneath unassuming looks. The featherweight blend of fabrics wicks away moisture to keep you cool and dry in every phase of your active life.&lt;/p&gt; &lt;p&gt;&amp;bull; Royal polyester tee with black accents.&lt;br /&gt;&amp;bull; Relaxed fit. &lt;br /&gt;&amp;bull; Short-Sleeve. &lt;br /&gt;&amp;bull; Machine wash/dry.&lt;/p&gt;,,32,30,,MS09
499,Atomic Endurance Running Tee (V-neck),&lt;p&gt;Reach your limit and keep on going in the Atomic Endurance Running Tee. Built to help any athlete push past the wall with loads of performance features.&lt;/p&gt; &lt;p&gt;&amp;bull; Lime heathered v-neck tee. &lt;br /&gt;&amp;bull; Ultra-lightweight.&lt;br /&gt;&amp;bull; Moisture-wicking Cocona&amp;reg; fabric.&lt;br /&gt;&amp;bull; Machine wash/dry.&lt;/p&gt;,,28,28,,MS11
515,Atomic Endurance Running Tee (Crew-Neck),"&lt;p&gt;Like it's v-neck counterpart, the crew-neck Atomic Tee will get you to your goal and beyond with its many load-bearing features: ultra-lightweight, moisture-wicking Cocona&amp;reg; fabric, chafe-free flatlock seams and an ergonomic cut that moves with your body.&lt;/p&gt; &lt;p&gt;&amp;bull; Red polyester tee.&lt;br /&gt;&amp;bull; Crew neckline. &lt;br /&gt;&amp;bull; Cocona&amp;reg; performance fabric. &lt;br /&gt;&amp;bull; Machine wash/dry.&lt;/p&gt;",,29,29,,MS12
531,Balboa Persistence Tee,"&lt;p&gt;The Balboa Persistence Tee is a must-have for any athlete, Philadelphia or elsewhere. We took the best of performance apparel, cut the fluff and boiled it down to the basics for a lightweight, quick-drying t-shirt.&lt;/p&gt; &lt;p&gt;&amp;bull; Crew neckline. &lt;br /&gt;&amp;bull; Semi-fitted. &lt;br /&gt;&amp;bull; Cocona&amp;reg; performance fabric. &lt;br /&gt;&amp;bull; Machine wash/dry.&lt;/p&gt;",,29,29,,MS03
547,Zoltan Gym Tee,"&lt;p&gt;This short-sleeve wonder works twice as hard to give you good gym days and good looks. The Zoltan Gym Tee helps you stay comfortable, while the looser sleeves and flatlock seams keep you moving in chafe-free comfort.&lt;/p&gt; &lt;p&gt;&amp;bull; Relaxed fit. &lt;br /&gt;&amp;bull; Crew neckline. &lt;br /&gt;&amp;bull; Machine wash/dry.&lt;/p&gt;",,29,29,,MS06
563,Aero Daily Fitness Tee,&lt;p&gt;Need an everyday action tee that helps keep you dry? The Aero Daily Fitness Tee is made of 100% polyester wicking knit that funnels moisture away from your skin. Don't be fooled by its classic style; this tee hides premium performance technology beneath its unassuming look.&lt;/p&gt; &lt;p&gt;Relaxed fit. &lt;br /&gt;Short-Sleeve. &lt;br /&gt;Machine wash/dry.&lt;/p&gt;,,24,15,,MS01
579,Ryker LumaTech&amp;trade; Tee (V-neck),"&lt;p&gt;Don't be fooled by its classic style; the Ryker LumaTech&amp;trade; Tee embodies the future of performance apparel. Its featherweight blend of fabrics wicks away moisture to keep you cool and dry, whether racking up miles, hitting three pointers or strutting the boardwalk.&lt;/p&gt; &lt;p&gt;&amp;bull; Relaxed fit. &lt;br /&gt;&amp;bull; Short-Sleeve. &lt;br /&gt;&amp;bull; Machine wash/dry.&lt;/p&gt;",,28,28,,MS02
595,Logan HeatTec&amp;reg; Tee,"&lt;p&gt;Soft and lightweight, the Logan HeatTec&amp;reg; Tee gets you through the long haul in total comfort. It boasts superior sweat-wicking performance to keep skin dry and cool, and strategic flat-lock seams to resist chafing.&lt;/p&gt; &lt;p&gt;&amp;bull; Semi-fitted. &lt;br /&gt;&amp;bull; Crew neckline. &lt;br /&gt;&amp;bull; Machine wash/tumble dry.&lt;/p&gt;",,24,24,,MS10
611,Deion Long-Sleeve EverCool&amp;trade; Tee,"&lt;p&gt;When you're training, ordinary tees don't cut it. That's why the Dion Long-Sleeve EverCool&amp;trade; Tee features revolutionary Cocona&amp;reg; fabric derived from a renewable resource: coconut shells. This unique material protects you from harmful UV rays, wicks away sweat, controls stink and dries quickly.&lt;/p&gt; &lt;p&gt;&amp;bull; Fitted. &lt;br /&gt;&amp;bull; Contrast inner neck tape. &lt;br /&gt;&amp;bull; Machine wash/dry.&lt;/p&gt;",,39,39,,MS07
627,Strike Endurance Tee,"&lt;p&gt;While grit and purpose keep you going, it helps to have a little extra comfort, too. Our Strike Long-Sleeve Endurance Tee helps ensures a photo-ready finish with advanced sweat-wicking technology for a cool, dry feel.&lt;/p&gt; &lt;p&gt;&amp;bull; Loose fit. &lt;br /&gt;&amp;bull; Ribbed cuffs/collar. &lt;br /&gt;&amp;bull; Machine wash/dry.&lt;/p&gt;",,39,39,,MS08
643,Erikssen CoolTech&amp;trade; Fitness Tank,"&lt;p&gt;A good running tank helps make the miles pass by keep you cool. The Erikssen CoolTech&amp;trade; Fitness Tank completes that mission, with performance fabric engineered to wick perspiration and promote airflow.&lt;/p&gt; &lt;p&gt;&amp;bull; Red performance tank.&lt;br /&gt;&amp;bull; Slight scoop neckline. &lt;br /&gt;&amp;bull; Reflectivity. &lt;br /&gt;&amp;bull; Machine wash/dry.&lt;/p&gt;",,29,29,,MT01
659,Tristan Endurance Tank,"&lt;p&gt;Push yourself through punishing runs, plyometric workouts, intense competition and more in our athletic Tristan Endurance Tank. Constructed with built-in moisture-wicking technology, it's designed to keep you completely cool and dry on the long haul.&lt;/p&gt; &lt;p&gt;&amp;bull; White performance tank.&lt;br /&gt;&amp;bull; Stylish contrast stitching. &lt;br /&gt;&amp;bull; Relaxed fit. &lt;br /&gt;&amp;bull; Ribbed crew neckline. &lt;br /&gt;&amp;bull; Machine wash/dry.&lt;/p&gt;",,29,29,,MT02
675,Primo Endurance Tank,"&lt;p&gt;Chances are your workout goes beyond free weights, which is why the Primo Endurance Tank employs maximum versatility. Run, lift or play ball &amp;ndash; this breathable mesh top will keep you cool during all your activities.&lt;/p&gt; &lt;p&gt;&amp;bull; Red heather tank with gray pocket.&lt;br /&gt;&amp;bull; Chafe-resistant flatlock seams. &lt;br /&gt;&amp;bull; Relaxed fit. &lt;br /&gt;&amp;bull; Contrast topstitching.&lt;br /&gt;&amp;bull; Machine wash/dry.&lt;/p&gt;",,29,29,,MT03
681,Helios Endurance Tank,"&lt;p&gt;When training pushes your limits, you need gear that works harder than you. Our mesh Helio Training Tank is crafted from super-soft, ultra-lightweight fabric that stretches in all directions to follow your every move, on mat, court or street.&lt;/p&gt; &lt;p&gt;&amp;bull; Blue heather tank with gray pocket.&lt;br /&gt;&amp;bull; Contrast sides and back inserts.&lt;br /&gt;&amp;bull; Self-fabric binding at neck and armholes. &lt;br /&gt;&amp;bull; Machine wash/dry.&lt;/p&gt;",,32,32,,MT04
687,Rocco Gym Tank,"&lt;p&gt;Weights? Heavy Bag? Bikram? However you get sweaty, you'll be prepared with the moisture-wicking all-purpose Rocco Gym Tank. The free-moving cut gives you maximum range of motion, with flatlock seams to eliminate chafing.&lt;/p&gt; &lt;p&gt;&amp;bull; Light blue heather gray tank.&lt;br /&gt;&amp;bull; Quick-drying, moisture-wicking.&lt;br /&gt;&amp;bull; 4-way stretch construction.&lt;br /&gt;&amp;bull; Flatlock seams prevent chafing.&lt;br /&gt;&amp;bull; Mesh at back for breathability.&lt;br /&gt;&amp;bull; 100% Polyester.&lt;br /&gt;&amp;bull; UPF 50 protection.&lt;/p&gt;",,24,24,,MT05
693,Vulcan Weightlifting Tank,"&lt;p&gt;The Olympic styled Vulcan Weightlifting Tank features polyester stretch and flex. Hit the rack in sleeveless style and unleash your personal best. This tank is designed to max performance, comfort and range of motion.&lt;/p&gt; &lt;p&gt;&amp;bull; Black polyester spandex tank.&lt;br /&gt;&amp;bull; 100% polyester.&lt;br /&gt;&amp;bull; Freedom of movement.&lt;br /&gt;&amp;bull; No-chafe seams.&lt;/p&gt;",,28,28,,MT06
699,Argus All-Weather Tank,"&lt;p&gt;The Argus All-Weather Tank is sure to become your favorite base layer or go-to cover for hot outdoor workouts. With its subtle reflective safely trim, you can even wear it jogging on urban evenings.&lt;/p&gt; &lt;p&gt;&amp;bull; Dark gray polyester spandex tank.&lt;br /&gt;&amp;bull; Reflective details for nighttime visibility. &lt;br /&gt;&amp;bull; Stash pocket.&lt;br /&gt;&amp;bull; Anti-chafe flatlock seams.&lt;/p&gt;",,22,22,,MT07
705,Sparta Gym Tank,"&lt;p&gt;The high performance Sparta Gym Tank is made with thin, light, merino wool and aims to be the perfect base layer or balmy weather running and fitness top.&lt;/p&gt; &lt;p&gt;&amp;bull; Green polyester tank.&lt;br /&gt;&amp;bull; Ultra lightweight.&lt;br /&gt;&amp;bull; Naturally odor-resistant.&lt;br /&gt;&amp;bull; Close-to-body athletic fit.&lt;br /&gt;&amp;bull; Chafe-resistant flatlock seams.&lt;/p&gt;",,29,29,,MT08
711,Sinbad Fitness Tank,"&lt;p&gt;Solid in color and construction, the 100% cotton-weave Sinbad Fitness Tank moves with you as you press, hold, crunch and stride your way to the ultimate you.&lt;/p&gt; &lt;p&gt;&amp;bull; Teal polyester tank.&lt;br /&gt;&amp;bull; Premium fit tank top.&lt;br /&gt;&amp;bull; Ultra lightweight.&lt;br /&gt;&amp;bull; Naturally odor-resistant.&lt;/p&gt;",,29,29,,MT09
717,Tiberius Gym Tank,"&lt;p&gt;Whether you're classy or just sweaty, the Tiberius Gym Tank helps you look good while you're at it. What's more, its moisture-wicking, quick-drying, anti-microbial and anti-odor construction help ensure you're welcome back to the gym.&lt;/p&gt; &lt;p&gt;&amp;bull; Yellow scoop neck cotton tank.&lt;br /&gt;&amp;bull; Comfortable, relaxed fit.&lt;br /&gt;&amp;bull; 55% Hemp / 45% Organic Cotton.&lt;br /&gt;&amp;bull; Pesticide- and herbicide-free hemp.&lt;/p&gt;",,18,18,,MT10
723,Atlas Fitness Tank,"&lt;p&gt;From weekend warrior to Warrior Pose II, no role can beat the Atlas Fitness Tank, a versatile top for gym and yoga studio. Wicking-weave soft fabric helps prevent uncomfortable chafing.&lt;/p&gt; &lt;p&gt;&amp;bull; Teal scoop neck cotton tank.&lt;br /&gt;&amp;bull; Triblend, soft fabric.&lt;br /&gt;&amp;bull; Relaxed fit.&lt;/p&gt;",,18,18,,MT11
729,Cassius Sparring Tank,"&lt;p&gt;Whether you're up against a partner or the clock, the Cassius Sparring Tank is in your corner, moving effortless with your body. The light and loose feel gives you no reason to give up before the bell or the end of the block.&lt;/p&gt; &lt;p&gt;&amp;bull; Royal crewneck cotton tank.&lt;br /&gt;&amp;bull; Contrast stitching.&lt;br /&gt;&amp;bull; Self fabric binding at neckline.&lt;br /&gt;&amp;bull; Slim fit.&lt;br /&gt;&amp;bull; 96% Merino / 4% LYCRA&amp;reg;.&lt;/p&gt;",,18,18,,MT12
742,Caesar Warm-Up Pant,&lt;p&gt;Command your workout and keep your muscles limber in the Caesar Warm-Up Pant. Engineered CoolTech&amp;trade; fabric wicks away moisture so you don't have to worry about sweat and discomfort. The drawstring-adjustable waist helps make sure your pants fit properly.&lt;/p&gt; &lt;p&gt;&amp;bull; Light gray heather knit straight leg pants.&lt;br /&gt;&amp;bull; Relaxed fit. &lt;br /&gt;&amp;bull; Inseam: 32&quot;. &lt;br /&gt;&amp;bull; Machine wash/dry.&lt;br /&gt;&amp;bull; CoolTech&amp;trade; wicking fabric.&lt;/p&gt;,,35,35,,MP01
755,Viktor LumaTech&amp;trade; Pant,"&lt;p&gt;You'll love the new Viktor LumaTech&amp;trade; Pant, with featherweight fleece fabric lining and stretchy, sweat-wicking material. It delivers toasty warmth on the sidelines or in cold-weather training, with reflective trim for a safe finish.&lt;/p&gt; &lt;p&gt;&amp;bull; Dark gray polyester/spandex straight leg pants.&lt;br /&gt;&amp;bull; Elastic waistband and internal drawstring.&lt;br /&gt;&amp;bull; Relaxed fit. &lt;br /&gt;&amp;bull; Machine wash/dry.&lt;/p&gt;",,46,46,,MP02
768,Geo Insulated Jogging Pant,"&lt;p&gt;In the cold, even the toughest guys shiver, unless they're in the Geo Insulated Jogging Pant. Lightweight and wind resistant, they block brutal wind gusts and warm you to the bone. Breathable mesh keeps them dry on the inside.&lt;/p&gt; &lt;p&gt;&amp;bull; Black polyester spandex pants with zipper pockets.&lt;br /&gt;&amp;bull; Reflective safety accents. &lt;br /&gt;&amp;bull; Loose fit.&lt;br /&gt;&amp;bull; On-seam pockets. &lt;br /&gt;&amp;bull; 8&quot; leg zips. 32&quot; inseam. &lt;br /&gt;&amp;bull; Machine wash/dry.&lt;/p&gt;",,51,51,,MP03
781,Supernova Sport Pant,&lt;p&gt;Turn the corner and open it up -- your driveway is two blocks away. The Supernova Sport Pant gets you there with key features like moisture-wicking LumaTech&amp;trade; fabric and mesh ventilation. Side seam pockets ensure total convenience during rest periods.&lt;/p&gt; &lt;p&gt;&amp;bull; Dark heather gray straight leg cotton pants.&lt;br /&gt;&amp;bull; Relaxed fit. &lt;br /&gt;&amp;bull; Internal drawstring. &lt;br /&gt;&amp;bull; Machine wash/dry.&lt;/p&gt;,,45,45,,MP04
794,Kratos Gym Pant,"&lt;p&gt;Like it's namesake god of strength, the Kratos Gym Pant help you bring your best to bear on weight-based, plyometric and endurance exercise. They stretch and support in all the right places while ultra-light construction and moisture-wicking technology provide comfort.&lt;/p&gt; &lt;p&gt;&amp;bull; Navy cotton straight leg pants.&lt;br /&gt;&amp;bull; Relaxed fit. &lt;br /&gt;&amp;bull; 2 side-seam pockets. &lt;br /&gt;&amp;bull; Internal zip pocket. &lt;br /&gt;&amp;bull; Drawstring waist. &lt;br /&gt;&amp;bull; Machine wash/dry.&lt;/p&gt;",,57,57,,MP05
807,Mithra Warmup Pant,"&lt;p&gt;When you're not sure you're up to the weather, don the Mithra Warmup Pant for a confidence boost. Its supersoft, stretchy fabric and fleece-like finish help prep your muscles and ease your mind. Designed for relaxed, easy-wear fit with handy ankle zips.&lt;/p&gt; &lt;p&gt;&amp;bull; Ankle zips.&lt;br /&gt;&amp;bull; Elasticized waistband with draw cord.&lt;br /&gt;&amp;bull; Dual hand pockets.&lt;br /&gt;&amp;bull; Reflective elements for low-light safety.&lt;/p&gt;",,28,28,,MP06
820,Thorpe Track Pant,"&lt;p&gt;Thirty degree temps are chilly for most, except when you're in Thorpe Track Pants. These top-of-the-line track bottoms are made from fast-drying, weather-resistant fabric with an internal breathable layer of mesh nylon to wick away moisture.&lt;/p&gt; &lt;p&gt;&amp;bull; Moisture transfer properties. &lt;br /&gt;&amp;bull; 7% stretch.&lt;br /&gt;&amp;bull; Reflective safety trim.&lt;br /&gt;&amp;bull; Elastic drawcord waist.&lt;/p&gt;",,68,68,,MP07
833,Zeppelin Yoga Pant,"&lt;p&gt;Climb every mountain, or hold every pose, in the all-purpose Zepellin Yoga Pant. With its thin fleece interior and smooth layer-friendly surface, you'll get all the comfort and versatility you need.&lt;/p&gt; &lt;p&gt;&amp;bull; Smooth exterior for easy over-layering.&lt;br /&gt;&amp;bull; Brushed fleece interior insulates and wicks. &lt;br /&gt;&amp;bull; No-roll elastic waistband with inner drawstring.&lt;br /&gt;&amp;bull; Chafe-resistant flatlock seams.&lt;/p&gt;",,82,82,,MP08
846,Livingston All-Purpose Tight,"&lt;p&gt;It's not often that your pants work as a yoga staple and a climbing buddy. The Livingston All-Purpose Tight is made with soft, 11% cotton and nylon polymer stretch construction that lets you find the right angle in the studio or on the mountain side.&lt;/p&gt; &lt;p&gt;&amp;bull; Breathable stretch organic cotton/spandex.&lt;br /&gt;&amp;bull; Compression fit&lt;br /&gt;&amp;bull; Hidden key pocket&lt;br /&gt;&amp;bull; Elastic waist with internal drawcord.&lt;/p&gt;",,75,75,,MP09
859,Orestes Yoga Pant,&lt;p&gt;The Orestes Yoga Pant is a yoga basic that sustains the novice yogi well into the expert stage. Organic sustainable cotton and 9% stretch spandex let your body bend to your will while your conscience stays clear.&lt;/p&gt; &lt;p&gt;&amp;bull; A yoga essential.&lt;br /&gt;&amp;bull; Breathable stretch organic cotton/spandex.&lt;br /&gt;&amp;bull; Standard Fit.&lt;/p&gt;,,66,66,,MP10
872,Aether Gym Pant,"&lt;p&gt;The Aether Gym Pant is built for the studio, but adapts perfectly well to outdoor and gym environs too. With lightweight stretch fabric and water-repellent exterior, the Aether is ready for all comers.&lt;/p&gt; &lt;p&gt;&amp;bull; Pants/shorts convertible.&lt;br /&gt;&amp;bull; Lightweight moisture wicking. &lt;br /&gt;&amp;bull; Water repellent.&lt;br /&gt;&amp;bull; Belted waist.&lt;/p&gt;",,74,74,,MP11
885,Cronus Yoga Pant,"&lt;p&gt;Guys who love yoga love this all-purpose yoga pant. Designed for yoga, gym and lounge, the Cronus Yoga Pant is a loose-fitting, classic-style pant made from a lightweight blend of cotton, recycled polyester and a touch of Spandex for the stretch factor.&lt;/p&gt; &lt;p&gt;&amp;bull; Drawstring waist.&lt;br /&gt;&amp;bull; Loose, straight-leg fit.&lt;br /&gt;&amp;bull; Lightweight cotton-recycled blend.&lt;br /&gt;&amp;bull; Front pockets with stitching detail.&lt;br /&gt;&amp;bull; Elastic ankle.&lt;/p&gt;",,48,48,,MP12
898,Cobalt CoolTech&amp;trade; Fitness Short,"&lt;p&gt;It's not rocket surgery: the hotter your conditions, the more you need to stay cool. That's why the Cobalt CoolTech&amp;trade; Fitness Short features built-in technology and side perforations that keep you ventilated and comfortable for the distance. The elastic waist promises a personalized fit.&lt;/p&gt; &lt;p&gt;&amp;bull; Light blue nylon shorts.&lt;br /&gt;&amp;bull; Relaxed fit. &lt;br /&gt;&amp;bull; 5&quot; inseam. &lt;br /&gt;&amp;bull; Machine wash/dry.&lt;/p&gt;",,44,44,,MSH01
903,Apollo Running Short,"&lt;p&gt;Fleet of foot or slow and steady, you'll be in complete comfort with the Apollo Running Short. Lightweight polyester material lets you move with ease, and mesh side panels promise plenty of ventilation as you work up a sweat. The stretchy elastic waistband delivers a flexible fit.&lt;/p&gt; &lt;p&gt;&amp;bull; Black shorts with green accents.&lt;br /&gt;&amp;bull; Side pockets. &lt;br /&gt;&amp;bull; 4&quot; inseam. &lt;br /&gt;&amp;bull; Machine wash/dry.&lt;/p&gt;",,32.5,32.5,,MSH02
916,Meteor Workout Short,"&lt;p&gt;Step into the Meteor Workout Short for an incredibly lightweight fitness experience. Its breathable construction and an inner brief provide additional comfort and support, while the adjustable waistband offers the perfect fit to take you to the finish.&lt;/p&gt; &lt;p&gt;&amp;bull; Royal blue shorts with light blue accents.&lt;br /&gt;&amp;bull; Interior drawstring waistband. &lt;br /&gt;&amp;bull; 7&quot; inseam. &lt;br /&gt;&amp;bull; Machine wash/dry.&lt;/p&gt;",,32.5,32.5,,MSH03
929,Torque Power Short,"&lt;p&gt;Take a turn in the Torque Power Short and enjoy the smooth, motion-friendly stretch and sweat-wicking, UV-protective material. You'll stay cool, dry and energized miles later.&lt;/p&gt; &lt;p&gt;&amp;bull; Light gray shorts.&lt;br /&gt;&amp;bull; Fitted design. &lt;br /&gt;&amp;bull; Elastic waistband. &lt;br /&gt;&amp;bull; Flat-seam construction. &lt;br /&gt;&amp;bull; 7&quot; inseam. &lt;br /&gt;&amp;bull; Machine wash/dry.&lt;/p&gt;",,32.5,32.5,,MSH04
942,Hawkeye Yoga Short,"&lt;p&gt;What more do you need than a sporty yoga short made with organic cotton and a little spandex for mobility? The Hawkeye Yoga Short brings a stylish, standard fit you can sport with confidence outside the studio.&lt;/p&gt; &lt;p&gt;&amp;bull; Dark gray shorts with red accents.&lt;br /&gt;&amp;bull; 92% Organic Cotton 8% Spandex.&lt;br /&gt;&amp;bull; Breathable stretch organic cotton.&lt;br /&gt;&amp;bull; Medium=8.0&quot; (21.0cm) inseam.&lt;/p&gt;",,29,29,,MSH05
955,Lono Yoga Short,"&lt;p&gt;Some shorts are &amp;ldquo;all-purpose,&amp;rdquo; while the Lono Yoga Short has a single purpose: yoga. Soft, flexible outer material moves with your body, and a secure, integrated boxer brief liner gives you extra confidence as you push your physique to the outer limits.&lt;/p&gt; &lt;p&gt;&amp;bull; Dark gray shorts with mesh accents.&lt;br /&gt;&amp;bull; Ultra flexible four-way stretch.&lt;br /&gt;&amp;bull; Flatlock seams and waistband.&lt;br /&gt;&amp;bull; Two pockets, phony fly.&lt;br /&gt;&amp;bull; Nylon/Lycra outer, Polyester/Lycra inner.&lt;/p&gt;",,32,32,,MSH06
968,Rapha Sports Short,"&lt;p&gt;For those about to sweat, we support you with the Rapha Sports Short. The compression-fit liner surrounds your muscles with the stimulation they need to find your high gear, while moisture-wicking performance fabric helps prevents sweat build-up.&lt;/p&gt; &lt;p&gt;&amp;bull; Black shorts with royal accents.&lt;br /&gt;&amp;bull; Compression liner. &lt;br /&gt;&amp;bull; Inseam: 8&quot;. &lt;br /&gt;&amp;bull; Machine wash/dry.&lt;/p&gt;",,35,35,,MSH07
981,Orestes Fitness Short,"&lt;p&gt;You're out of excuses not to run, lift, or play when you own a pair of the Orestes Fitness Short. You won't complain about the high-performance polyester wicking fabric, reflective safety trim or seamless built-in comfort brief, either.&lt;/p&gt; &lt;p&gt;&amp;bull; Black shorts with dark gray accents.&lt;br /&gt;&amp;bull; Elasticized waistband with interior drawstring.&lt;br /&gt;&amp;bull; Ventilating mesh detailing.&lt;br /&gt;&amp;bull; 100% polyester and recycled polyester.&lt;br /&gt;&amp;bull; Machine wash cold, tumble dry low.&lt;/p&gt;",,35,35,,MSH08
994,Troy Yoga Short,"&lt;p&gt;The versatile, all-purpose Troy Yoga Short is knee-lengthed with an elastic waistband with drawstring, making it comfortably flexible. The removable LumaTech&amp;trade; wicking liner is also bacteria resistant.&lt;/p&gt; &lt;p&gt;&amp;bull; Navy polyester pinstripe shorts.&lt;br /&gt;&amp;bull; Woven fabric with moderate stretch.&lt;br /&gt;&amp;bull; 62% cotton/34% nylon/4% spandex.&lt;br /&gt;&amp;bull; LumaTech&amp;trade; lining.&lt;/p&gt;",,24,24,,MSH09
1007,Sol Active Short,"&lt;p&gt;You'll let your fear go and push your limits in your new Sol Active Short. Featuring ultra-breathable performance fabric and a flat comfort-fit waistband, the Sol Active Short is perfect for high-intensity circuits or high-heat bikram.&lt;/p&gt; &lt;p&gt;&amp;bull; Light blue jersey shorts with mesh detail.&lt;br /&gt;&amp;bull; 87% Spandex 13% Lycra.&lt;br /&gt;&amp;bull; Machine wash cold, tumble dry low.&lt;br /&gt;&amp;bull; Superior performance fabric.&lt;br /&gt;&amp;bull; Flat-lock seams.&lt;/p&gt;",,32,32,,MSH10
1020,Arcadio Gym Short,"&lt;p&gt;The Arcadio Gym short is a basic-looking piece with a lot more than meets the eye: casual-yet-functional relaxed fit, comfortable waistband and adjustable drawstring. Everything you need, plus more.&lt;/p&gt; &lt;p&gt;&amp;bull; Royal blue cotton shorts.&lt;br /&gt;&amp;bull; Built-in mesh brief. &lt;br /&gt;&amp;bull; 87% Spandex 13% Lycra.&lt;br /&gt;&amp;bull; Adjustable drawstring.&lt;/p&gt;",,20,20,,MSH11
1033,Pierce Gym Short,"&lt;p&gt;The Pierce Gym Short is similar to our Arcadio Gym Short, but designed with a fitted, tapered look. A flat waistband with an adjustable drawstring adds comfort, with zippered pockets for safe, easy storage.&lt;/p&gt; &lt;p&gt;&amp;bull; Dark red cotton shorts. &lt;br /&gt;&amp;bull; 87% Supplex, 13% Lycra.&lt;br /&gt;&amp;bull; Adjustable drawstring waistband.&lt;br /&gt;&amp;bull; Built-in mesh brief.&lt;br /&gt;&amp;bull; Machine wash cold, tumble dry low.&lt;/p&gt;",,27,27,,MSH12
1049,Mona Pullover Hoodlie,"Whether you're after energizing activity or eye-catching apparel, the Mona Pullover is what you want. You'll stay warm and look fashionable, wherever you are.&lt;br /&gt; &lt;br /&gt; &amp;bull; Light green heathered hoodie. &lt;br /&gt; &amp;bull; Long-Sleeve, pullover.&lt;br /&gt; &amp;bull; Long elliptical hem for extra coverage.&lt;br /&gt; &amp;bull; Deep button placket for layering.&lt;br /&gt; &amp;bull; Double rib design.&lt;br /&gt; &amp;bull; Mid layer, mid weight.&lt;br /&gt; &amp;bull; 98% Merino Wool / 2% Spandex",,57,57,,WH01
1065,Hera Pullover Hoodie,"&lt;p&gt;Get ready to rule the studio and dominate the yoga mat in the Hera Pullover Hoodie, a cozy yet classy look for any level of yogi.&lt;/p&gt; &lt;p&gt;&amp;bull; Teal with purple stiching.&lt;br /&gt;&amp;bull; Hoodie pullover.&lt;br /&gt;&amp;bull; Snug fit.&lt;/p&gt;",,48,48,,WH02
1081,Autumn Pullie,"&lt;p&gt;With ultra-soft fleece fabric and an athletic design, our short-sleeve Autumn Pullie delivers a comfortable fit that makes it an everyday essential. A luxurious roll neck protects you from elements.&lt;/p&gt; &lt;p&gt;&amp;bull; Cayenne Short-Sleeve roll neck sweatshirt. &lt;br /&gt;&amp;bull; Relaxed fit. &lt;br /&gt;&amp;bull; Short-Sleeves. &lt;br /&gt;&amp;bull; Machine wash/dry.&lt;/p&gt;",,57,57,,WH03
1097,Miko Pullover Hoodie,"&lt;p&gt;After quality gym time, put on the Miko Pullover Hoody and keep your body warm. You'll find it's fashionable enough for the streets, but comfy enough to relax in at home.&lt;/p&gt; &lt;p&gt;&amp;bull; Teal two-tone hoodie.&lt;br /&gt;&amp;bull; Low scoop neckline.&lt;br /&gt;&amp;bull; Adjustable hood drawstrings.&lt;br /&gt;&amp;bull; Longer rounded hemline for extra back coverage.&lt;br /&gt;&amp;bull; Long-Sleeve style.&lt;/p&gt;",,69,69,,WH04
1113,Selene Yoga Hoodie,"&lt;p&gt;The Selene Yoga Hoodie gets you to and from the studio in semi form-fitted comfort. Snug, sleek contours add fashion to function in this free-moving yoga warm up sweatshirt.&lt;/p&gt; &lt;p&gt;&amp;bull; Ivory heather full zip 3/4 sleeve hoodie.&lt;br /&gt;&amp;bull; Zip pocket at arm for convenient storage.&lt;br /&gt;&amp;bull; 24.0&quot; body length.&lt;br /&gt;&amp;bull; 89% Polyester / 11% Spandex.&lt;/p&gt;",,42,42,,WH05
1119,Daphne Full-Zip Hoodie,"&lt;p&gt;The Daphne Hoodie is an attractive yet rugged layering or outer piece, especially for chilly days en route the studio, doing yardwork or enjoying outdoor recreation.&lt;/p&gt; &lt;p&gt;&amp;bull; Purple full zip hoodie with pink accents. &lt;br /&gt;&amp;bull; Heather texture.&lt;br /&gt;&amp;bull; 4-way stretch.&lt;br /&gt;&amp;bull; Pre-shrunk.&lt;br /&gt;&amp;bull; Hood lined in vegan Sherpa for added warmth.&lt;br /&gt;&amp;bull; Ribbed hem on hood and front pouch pocket.&lt;br /&gt;&amp;bull; 60% Cotton / 40% Polyester.&lt;/p&gt;",,59,59,,WH06
1135,Phoebe Zipper Sweatshirt,&lt;p&gt;A sophisticated layer of warmth awaits you in our full-zip sweatshirt jacket. You'll reach for this one in any season to enjoy its sturdy exterior and plush interior.&lt;/p&gt; &lt;p&gt;&amp;bull; Gray full zip hoodie with yellow detail.&lt;br /&gt;&amp;bull; Hand-warmer pockets. &lt;br /&gt;&amp;bull; Zip MP3 pocket with outlet for earphones wire. &lt;br /&gt;&amp;bull; Polyester/cotton. &lt;br /&gt;&amp;bull; Washable.&lt;/p&gt;,,59,59,,WH07
1151,Cassia Funnel Sweatshirt,&lt;p&gt;The casual Cassia Funnel Sweatshirt sports front angled pockets and a drawstring stretch funnel hoodie. A cowl front neck pairs with a tagless label at back neck.&lt;/p&gt; &lt;p&gt;&amp;bull; White full zip hoodie with gray detail.&lt;br /&gt;&amp;bull; 65% Cotton/28% Nylon/7% Spandex.&lt;br /&gt;&amp;bull; Front slash pockets.&lt;br /&gt;&amp;bull; Tagless label at back neck.&lt;/p&gt;,,48,48,,WH08
1167,Ariel Roll Sleeve Sweatshirt,"&lt;p&gt;Soft, sleek and subtle, the Ariel Roll Sleeve Sweatshirt is a nuanced fitness garment for all occasions. It works equally well as a workout piece or in a casual social setting.&lt;/p&gt; &lt;p&gt;&amp;bull; Purple two-tone lightweight hoodie. &lt;br /&gt;&amp;bull; 100% cotton.&lt;br /&gt;&amp;bull; Adjustable roll sleeves for Long-Sleeve or 3/4 sleeve.&lt;br /&gt;&amp;bull; Casual, comfy piece for running errands or weekend activities.&lt;/p&gt;",,39,39,,WH09
1183,Helena Hooded Fleece,"&lt;p&gt;Wear this hoodie after the gym or before a chilly weather bike ride. Either way, this versatile sweatshirt offers an effortlessly appealing silhouette and a super-comfy fit. Smooth, stretchy fabric creates flattering shape, while the full-zip placket and hood help block gusty winds.&lt;/p&gt; &lt;p&gt;Full zip. &lt;br /&gt;Banded cuffs and waist. &lt;br /&gt;Front pockets. &lt;br /&gt;Machine wash/dry.&lt;/p&gt;",,55,55,,WH10
1199,Eos V-Neck Hoodie,&lt;p&gt;Getting chilly before class starts? Wear the Eos on your way to and from yoga for a cute and cozy warmup piece. Reach for its reliable comfort and enjoy a super-soft blend of fabrics finished in sporty style that includes a hidden kangaroo pocket.&lt;/p&gt; &lt;p&gt;Semi-fitted. &lt;br /&gt;Long-Sleeve. &lt;br /&gt;Machine wash/line dry.&lt;/p&gt;,,54,54,,WH11
1215,Circe Hooded Ice Fleece,"&lt;p&gt;Keep shivers at bay with the Circe Hooded Ice Fleece. Ultra-thick, high-pile fleece traps your body heat and keeps cold outside. The drawstring hood and ribbed details add extra coziness and touches of classic style. Its relaxed fit is loose enough to layer comfortably over your shirt.&lt;/p&gt; &lt;p&gt;Full-zip front. &lt;br /&gt;Three-panel hood. &lt;br /&gt;Flatlock seams throughout. &lt;br /&gt;Welt hand pockets. &lt;br /&gt;Machine wash/dry.&lt;/p&gt;",,68,68,,WH12
1225,Stellar Solar Jacket,"&lt;p&gt;Beat the heat and protect yourself from sunrays with the Stellar Solar Jacket. It's loaded with all the engineered features you need for an intense, safe outdoor workout: 100% UV protection, a breathable perforated construction, and advanced moisture-wicking technology.&lt;/p&gt; &lt;p&gt;&amp;bull; Loose fit. &lt;br /&gt;&amp;bull; Reflectivity. &lt;br /&gt;&amp;bull; Flat seams. &lt;br /&gt;&amp;bull; Machine wash/dry.&lt;br /&gt;&amp;bull; Deep pink jacket with front panel rouching&lt;/p&gt;",,75,75,,WJ01
1241,Josie Yoga Jacket,"&lt;p&gt;When your near future includes yoga, the cozy comfort of the Josie Yoga Jacket gets your mind and body ready. Stretchy CoolTech&amp;trade; fabric with zipper pockets makes this jacket the right gear for studio time or teatime after.&lt;/p&gt; &lt;p&gt;&amp;bull; Slate rouched neck pullover.&lt;br /&gt;&amp;bull; Moisture-wicking fabric.&lt;br /&gt;&amp;bull; Hidden zipper.&lt;br /&gt;&amp;bull; Mesh armpit venting.&lt;br /&gt;&amp;bull; Dropped rear hem.&lt;/p&gt;",,56.25,56.25,,WJ02
1257,Augusta Pullover Jacket,"&lt;p&gt;It's hard to be uncomfortable in the Augusta Pullover Jacket with &amp;frac14; zip. With an incredibly soft fleece lining and textured outer fabric, it offers reliable protection from the elements and a cozy fit as well.&lt;/p&gt; &lt;p&gt;&amp;bull; Pink half-zip pullover. &lt;br /&gt;&amp;bull; Front pouch pockets. &lt;br /&gt;&amp;bull; Fold-down collar.&lt;/p&gt;",,57,57,,WJ03
1273,Ingrid Running Jacket,"&lt;p&gt;The Ingrid Running Jacket combines sleek design and high performance with slim, contoured fit and moisture-wicking fabric. It features a full-zip construction and a collared neck to keep the elements out and body heat in. &lt;br /&gt;&amp;bull; Slim fit. &lt;br /&gt;&amp;bull; Moisture-wicking fabric. &lt;br /&gt;&amp;bull; Two side pockets. &lt;br /&gt;&amp;bull; Zippered pocket at back waist. &lt;br /&gt;&amp;bull; Machine wash/dry.&lt;br /&gt;&amp;bull; Ivory specked full zip&lt;/p&gt;",,84,84,,WJ04
1289,Riona Full Zip Jacket,"&lt;p&gt;The Riona Basic Zip Jacket makes the perfect extra layer for cold-weather workouts. It features amazing breathability and moisture management, but full-length zipper lets you moderate your core temperature even more.&lt;/p&gt; &lt;p&gt;&amp;bull; Brown heather full zip rouched jacket.&lt;br /&gt;&amp;bull; Side hand pockets for extra storage.&lt;br /&gt;&amp;bull; High collar.&lt;br /&gt;&amp;bull; Thick cuffs for extra coverage.&lt;br /&gt;&amp;bull; Durable, shape retention material to longer wear.&lt;/p&gt;",,60,60,,WJ05
1305,Inez Full Zip Jacket,"&lt;p&gt;The Inez Full Zip jacket is more than a cute layer. It's a full-on tech wonder you'll use for outdoor, pre and post workout. You'll love how the highlighted zipper and sleeve safety trim protect and catch looks.&lt;/p&gt; &lt;p&gt;&amp;bull; Purple heather inset full zip jacket.&lt;br /&gt;&amp;bull; Full zip hoodie.&lt;br /&gt;&amp;bull; Contrast binding along the zipper, hood and sleeves.&lt;br /&gt;&amp;bull; Inseam pockets for storage.&lt;br /&gt;&amp;bull; Thumbholes for comfortable fit.&lt;/p&gt;",,59,59,,WJ07
1321,Adrienne Trek Jacket,"&lt;p&gt;You're ready for a cross-country jog or a coffee on the patio in the Adrienne Trek Jacket. Its style is unique with stand collar and drawstrings, and it fits like a jacket should.&lt;/p&gt; &lt;p&gt;&amp;bull; gray 1/4 zip pullover.&lt;br /&gt;&amp;bull; Comfortable, relaxed fit.&lt;br /&gt;&amp;bull; Front zip for venting.&lt;br /&gt;&amp;bull; Spacious, kangaroo pockets.&lt;br /&gt;&amp;bull; 27&quot; body length.&lt;br /&gt;&amp;bull; 95% Organic Cotton / 5% Spandex.&lt;/p&gt;",,57,57,,WJ08
1337,Jade Yoga Jacket,"&lt;p&gt;&lt;br /&gt;If only all your other jackets were as comfortable as the relaxed-fit Jade Yoga Jacket, perfect for use during stretching, biking to and from studio or strolling on breezy fall days.&lt;/p&gt; &lt;p&gt;&amp;bull; Seafoam 1/4 zip pullover with purple stitching.&lt;br /&gt;&amp;bull; Lightweight, quick-drying, water-resistant construction.&lt;br /&gt;&amp;bull; Shirred details at front and back for a feminine look.&lt;br /&gt;&amp;bull; Hood collapses into collar.&lt;br /&gt;&amp;bull; Mesh liner for breathability.&lt;br /&gt;&amp;bull; Front zip pockets.&lt;br /&gt;&amp;bull; Hem cinches at sideseam.&lt;br /&gt;&amp;bull; 100% Polyester.&lt;/p&gt;",,32,32,,WJ09
1353,Nadia Elements Shell,"&lt;p&gt;Protect yourself from wind and rain in the stylish Nadia Elements Shell. It repels water using hydro-resistant fabric, with fleece lining that adds a touch of warmth. It's finished with bold contrast zippers, adjustable cuffs and a hood.&lt;/p&gt; &lt;p&gt;&amp;bull; Zippered front. &lt;br /&gt;&amp;bull; Zippered side pockets. &lt;br /&gt;&amp;bull; Drawstring-adjustable waist and hood. &lt;br /&gt;&amp;bull; Machine wash/line dry.&lt;br /&gt;&amp;bull; Light blue 1/4 zip pullover.&lt;/p&gt;",,69,69,,WJ10
1369,Neve Studio Dance Jacket,"&lt;p&gt;If you're constantly on the move, the Neve Studio Dance Jacket is for you. It's not just for dance, either, with a tight fit that works as a mid-layer. The reversible design makes it even more versatile.&lt;/p&gt; &lt;p&gt;&amp;bull; Bright blue 1/4 zip pullover.&lt;br /&gt;&amp;bull; CoolTech&amp;trade; liner is sweat-wicking.&lt;br /&gt;&amp;bull; Sleeve thumbholes.&lt;br /&gt;&amp;bull; Zipper garage to protect your chin.&lt;br /&gt;&amp;bull; Stretchy collar drawcords.&lt;/p&gt;",,69,69,,WJ11
1385,Juno Jacket,"&lt;p&gt;On colder-than-comfortable mornings, you'll love warming up in the Juno All-Ways Performanc Jacket, designed to compete with wind and chill. Built-in Cocona&amp;reg; technology aids evaporation, while a special zip placket and stand-up collar keep your neck protected.&lt;/p&gt; &lt;p&gt;&amp;bull; Adjustable hood.&lt;/br&gt;&amp;bull; Fleece-lined, zippered hand pockets.&lt;/br&gt;&amp;bull; Thumbhole cuffs.&lt;/br&gt;&amp;bull; Full zip.&lt;/br&gt;&amp;bull; Mock-neck collar.&lt;/br&gt;&amp;bull; Machine wash/dry.&lt;/p&gt;",,77,77,,WJ06
1401,Olivia 1/4 Zip Light Jacket,"&lt;p&gt;Running errands or headed to the gym, you just want to be comfortable. The Olivia Light Jacket promises that, plus a laid-back look. This zip-up is designed with shoulder stripes for an athletic touch, and banded waist and contoured seams for a flattering silhouette.&lt;/p&gt; &lt;p&gt;&amp;bull; Loose fit.&lt;/br&gt;&amp;bull; Reflectivity.&lt;/br&gt;&amp;bull; Flat seams.&lt;/br&gt;&amp;bull; Machine wash/dry.&lt;/p&gt;",,77,77,,WJ12
1417,Gabrielle Micro Sleeve Top,"&lt;p&gt;Luma's most popular top, the Gabrielle Micro Sleeve is back with even more comfort and style.&lt;/p&gt; &lt;p&gt;&amp;bull; Lime green v-neck tee.&lt;br /&gt;&amp;bull; Slimming, flattering fit.&lt;br /&gt;&amp;bull; Moisture-wicking, quick-drying, anti-microbial, and anti-odor construction.&lt;br /&gt;&amp;bull; Longer curved hem provides additional coverage.&lt;br /&gt;&amp;bull; 55% Hemp / 45% Organic Cotton.&lt;/p&gt;","1433,1449,1465,1481,1529",28,28,,WS02
1433,Iris Workout Top,"&lt;p&gt;The Iris Workout Top is sleeveless, body fitting and moisture wicking for a fashionable, functional garment. Rouched textures add style.&lt;/p&gt; &lt;p&gt;&amp;bull; Pink heather rouched v-neck.&lt;br /&gt;&amp;bull; Scoop neckline.&lt;br /&gt;&amp;bull; Angled flat seams.&lt;br /&gt;&amp;bull; Moisture wicking.&lt;br /&gt;&amp;bull; Body skimming.&lt;br /&gt;&amp;bull; 83% Polyester / 11% TENCEL&amp;reg; Lyocell / 6% Lycra&amp;reg; Spandex.&lt;/p&gt;","1481,1529",29,29,,WS03
1449,Layla Tee,"&lt;p&gt;Work out or hang out in chic style in the Layla Tee. With a lightweight sheer design and a roomy neckline, this tee fits you comfortably while looking stylish.&lt;/p&gt; &lt;p&gt;&amp;bull; Teal tee.&lt;br /&gt;&amp;bull; Long back hem.&lt;br /&gt;&amp;bull; Dropped shoulders.&lt;/p&gt;","1481,1529",29,29,,WS04
1465,Elisa EverCool&amp;trade; Tee,"&lt;p&gt;When rising temps threaten to melt you down, Elisa EverCool&amp;trade; Tee brings serious relief. Moisture-wicking fabric pulls sweat away from your skin, while the innovative seams hug your muscles to enhance your range of motion.&lt;/p&gt; &lt;p&gt;&amp;bull; Purple heather v-neck tee.&lt;br /&gt;&amp;bull; Short-Sleeves.&lt;br /&gt;&amp;bull; Luma EverCool&amp;trade; fabric. &lt;br /&gt;&amp;bull; Machine wash/line dry.&lt;/p&gt;","1481,1529",29,29,,WS06
1481,Juliana Short-Sleeve Tee,"&lt;p&gt;The Juliana Short-Sleeve Tee gives you more than sporty style. Consider that its soft Cocona&amp;reg; polyester fabric accelerates evaporation to help keep you dry and comfortable, too. And a selection of colors lets you get more than one.&lt;/p&gt; &lt;p&gt;&amp;bull; Black scoop neck tee.&lt;br /&gt;&amp;bull; Side rouching.&lt;br /&gt;&amp;bull; Relaxed fit.&lt;/p&gt;",,42,42,,WS07
1497,Minerva LumaTech&amp;trade; V-Tee,&lt;p&gt;Don't be fooled by the simple design of our Minerva LumaTech&amp;trade; V-Neck Tee. This classic training top features the same serious sweat-wicking technology as some of the more expensive tees in our lineup.&lt;/p&gt; &lt;p&gt;&amp;bull; Navy blue heather soft v-neck tee.&lt;br /&gt;&amp;bull; Flatlock seams for chafe-free comfort.&lt;br /&gt;&amp;bull; Relaxed cut.&lt;br /&gt;&amp;bull; Ultra-lightweight fabric.&lt;br /&gt;&amp;bull; Machine wash/dry.&lt;/p&gt;,"1417,1433,1449,1465,1481,1529,1545",32,32,,WS08
1513,Tiffany Fitness Tee,"&lt;p&gt;You'll work out and look cute doing it in the short-sleeve Tiffany Fitness Tee. The longer length and fitted cut offer a smoother silhouette, while scoop neck pattern and drape effects lend a trendy touch.&lt;/p&gt; &lt;p&gt;&amp;bull; Teal soft scoop neck tee.&lt;br /&gt;&amp;bull; Contrast stitching pattern. &lt;br /&gt;&amp;bull; Machine wash/dry.&lt;/p&gt;","1417,1433,1449,1465,1481,1497,1529,1545",28,28,,WS09
1529,Karissa V-Neck Tee,&lt;p&gt;The Karissa V-Neck Tee features a semi-fitted shape that's flattering for every figure. You can hit the gym with confidence while it hugs curves and hides common &quot;problem&quot; areas.&lt;/p&gt; &lt;p&gt;&amp;bull; Pink heather soft v-neck tee. &lt;br /&gt;&amp;bull; Luma signature micro sleeves.&lt;br /&gt;&amp;bull; Semi-fitted. &lt;br /&gt;&amp;bull; Machine wash/dry.&lt;/p&gt;,1481,32,32,,WS10
1545,Diva Gym Tee,"&lt;p&gt;The Diva Gym Tee feels like your favorite right out of the mailbox. Micro-sleeved, lightweight and extra comfortable, it's a casual staple that hides incredible comfort behind a laid-back, carefree look.&lt;/p&gt; &lt;p&gt;&amp;bull; Bright yellow v-neck tee.&lt;br /&gt;&amp;bull; Moisture-wicking fabric. &lt;br /&gt;&amp;bull; Long-Sleeves. &lt;br /&gt;&amp;bull; Machine wash/line dry.&lt;/p&gt;","1433,1449,1465,1481,1529",32,32,,WS11
1561,Radiant Tee,"&lt;p&gt;So light and comfy, you'll love the Radiant Tee's organic fabric, feel, performance and style. You may never want to stop moving in this shirt.&lt;/p&gt; &lt;p&gt;&amp;bull; Salmon soft scoop neck tee.&lt;br /&gt;&amp;bull; Athletic, semi-form fit.&lt;br /&gt;&amp;bull; Flat seams prevent chafing.&lt;br /&gt;&amp;bull; 67% Organic Cotton / 28% Hemp / 5% Spandex.&lt;/p&gt;","1417,1433,1449,1465,1481,1497,1513,1529,1545,1577,1593",22,22,,WS12
1577,Gwyn Endurance Tee,"&lt;p&gt;When the miles add up, comfort is crucial. The short-sleeve Gwyn Endurance Tee is designed with an ultra-lightweight blend of breathable fabrics to help you tackle your training. Female-specific seams and a sporty v-neckline offer subtle style.&lt;/p&gt; &lt;p&gt;&amp;bull; Short-Sleeves.&lt;br /&gt;&amp;bull; Machine wash/line dry.&lt;/p&gt;","1417,1433,1449,1465,1481,1497,1529,1545",24,24,,WS01
1593,Desiree Fitness Tee,"&lt;p&gt;When you're too far to turn back, thank yourself for choosing the Desiree Fitness Tee. Its ultra-lightweight, ultra-breathable fabric wicks sweat away from your body and helps keeps you cool for the distance.&lt;/p&gt; &lt;p&gt;&amp;bull; Short-Sleeves.&lt;br /&gt;&amp;bull; Performance fabric.&lt;br /&gt;&amp;bull; Machine wash/line dry.&lt;/p&gt;","1417,1433,1449,1465,1481,1497,1529,1545",24,24,,WS05
1609,Electra Bra Top,"&lt;p&gt;A heavenly soft and stylish eco garment, the Electra Bra Top is perfect for wearing on its own as a hot yoga top or layered under a tank.&lt;/p&gt; &lt;p&gt;&amp;bull; Gray rouched bra top.&lt;br /&gt;&amp;bull; Attractive back straps feature contrasting motif fabric.&lt;br /&gt;&amp;bull; Interior bra top is lined with breathable mesh.&lt;br /&gt;&amp;bull; Elastic underband for superior support.&lt;br /&gt;&amp;bull; Removable cup inserts.&lt;br /&gt;&amp;bull; Chafe-free flat lock seams provide added comfort.&lt;/p&gt;",,39,39,,WB01
1625,Erica Evercool Sports Bra,"&lt;p&gt;Perfect for medium-impact workouts, our Erica EverCool&amp;trade; Sports Bra brings a brilliant combo of comfort and style. Moisture-wicking technology keeps you dry, and the flattering hybrid racerback promises an unbeatable range of motion.&lt;/p&gt; &lt;p&gt;&amp;bull; Honeycomb light blue bra top.&lt;br /&gt;&amp;bull; Elastic hem.&lt;br /&gt;&amp;bull; Reinforced binding. &lt;br /&gt;&amp;bull; Machine wash/dry.&lt;/p&gt;",,39,39,,WB02
1641,Celeste Sports Bra,"&lt;p&gt;Whatever your goals for the day's workout, the Celeste Sports Bra lets you do it in comfort and coolness, plus enhanced support and shaping. A power mesh back zone and moisture-wicking fabric ensure you stay dry.&lt;/p&gt; &lt;p&gt;&amp;bull; Mint bra top. &lt;br /&gt;&amp;bull; Seam-free interior molded cups&lt;br /&gt;&amp;bull; Odor control. &lt;br /&gt;&amp;bull; UV protection. &lt;br /&gt;&amp;bull; Machine wash/dry.&lt;/p&gt;",,39,39,,WB03
1657,Prima Compete Bra Top,"&lt;p&gt;Pull on the Prima Compete Bra Top and you'll love the fabric: soft, stretchy, and ultra lightweight. But you'll also love the racerback cut, for freer movement through all your athletic feats. &lt;br /&gt;`&lt;br /&gt;&amp;bull; Colorblocked details.&lt;br /&gt;&amp;bull; Machine wash/line dry.&lt;/p&gt;",,24,24,,WB04
1673,Lucia Cross-Fit Bra,"&lt;p&gt;Being cool is a big part of being comfy, which is why the Lucia Cross-Fit Bra features moisture-wicking technology as well as soft, lightweight fabric.&lt;/p&gt; &lt;p&gt;&amp;bull; Black/white bra top. &lt;br /&gt;&amp;bull; Criss-cross back design. &lt;br /&gt;&amp;bull; Machine wash/dry.&lt;/p&gt;",,39,39,,WB05
1689,Bella Tank,"&lt;p&gt;Style, performance and comfort mix it up in the Bella Tank. With striking color block contrast, fitted form and a built-in bra, you'll be supported and stylish at the same time.&lt;/p&gt; &lt;p&gt;&amp;bull; Navy blue tank top - cotton.&lt;br /&gt;&amp;bull; Feminine scoop neckline.&lt;br /&gt;&amp;bull; Power mesh lining in shelf bra for superior support.&lt;br /&gt;&amp;bull; Soft, breathable fabric.&lt;br /&gt;&amp;bull; Dry wick fabric to stay cool and dry.&lt;/p&gt;",,29,29,,WT01
1705,Zoe Tank,"&lt;p&gt;The Zoe Tank leads with eye-catching fitness-pop looks, keeping your studio style uptrend. The inner shelf bra and soft, breathable fabric create a tank top that looks, feels and fits great.&lt;/p&gt; &lt;p&gt;&amp;bull; Salmon heather tank top.&lt;br /&gt;&amp;bull; 1&quot; elastic band on inner bra.&lt;br /&gt;&amp;bull; Mesh lining on shelf bra for support.&lt;br /&gt;&amp;bull; Soft, breathable fabric.&lt;br /&gt;&amp;bull; Dry wick fabric to stay cool and dry.&lt;/p&gt;",,29,29,,WT02
1721,Nora Practice Tank,"&lt;p&gt;A closet go-to, the Nora Practice Tank can be worn at or after workouts or beneath a baggy tee for a laid-back style. Perfect fit and very comfortable!&lt;/p&gt; &lt;p&gt;&amp;bull; Pink stripped tank with side rouching.&lt;br /&gt;&amp;bull; Pre-shrunk.&lt;br /&gt;&amp;bull; Garment dyed.&lt;br /&gt;&amp;bull; 92% Organic Cotton/8% Lycra.&lt;/p&gt;",,39,39,,WT03
1737,Nona Fitness Tank,"&lt;p&gt;It doesn't matter if your goal is 5 miles or an hour of Vinyasa, because our Nona Fitness Tank does it all. You don't have to sacrifice either -- this v-neck top features smooth, chafe-free seams and a breathable mesh back insert. Cute, too.&lt;/p&gt; &lt;p&gt;&amp;bull; Blue/white striped mesh tank.&lt;br /&gt;&amp;bull; Relaxed fit. &lt;br /&gt;&amp;bull; Chafe-resistant trim around armholes and collar. &lt;br /&gt;&amp;bull; Machine wash/dry.&lt;/p&gt;",,39,39,,WT04
1753,Leah Yoga Top,"&lt;p&gt;The Leah Yoga Top offers a practical, comfortable upper that will not compromise your style. Body hugging fit and interior shelf bra make it suitable for active or leisure pursuits.&lt;/p&gt; &lt;p&gt;&amp;bull; Blue heather rouched tank top.&lt;br /&gt;&amp;bull; Camisole tank top.&lt;br /&gt;&amp;bull; Banding and shirring details.&lt;br /&gt;&amp;bull; Body hugging fit.&lt;br /&gt;&amp;bull; Contrast topstitch.&lt;br /&gt;&amp;bull; Interior shelf bra with shapewear technology.&lt;br /&gt;&amp;bull; 65% Polyester 35% Cotton.&lt;/p&gt;",,39,39,,WT05
1769,Chloe Compete Tank,"&lt;p&gt;You've earned your figure, so stay cool and let it do all the talking in the form-fitted, sleek racerback Chloe Compete Tank. Designed for total range of motion and performance, the Nona is made with highly breathable mesh fabric.&lt;/p&gt; &lt;p&gt;&amp;bull; Royal blue tank top - nylon/spandex.&lt;br /&gt;&amp;bull; Flatlock stitching.&lt;br /&gt;&amp;bull; Moisture-wicking fabric. &lt;br /&gt;&amp;bull; Ergonomic seaming. &lt;br /&gt;&amp;bull; Machine wash/dry.&lt;/p&gt;",,39,39,,WT06
1785,Maya Tunic,"&lt;p&gt;With abutted seams and moisture wicking capacity, the Maya Tunic lets you work out in complete comfort.&lt;/p&gt; &lt;p&gt;&amp;bull; Mint green heather tunic-style tank. &lt;br /&gt;&amp;bull; Wrapped back with cut out detail.&lt;br /&gt;&amp;bull; Drawcord detail at end.&lt;br /&gt;&amp;bull; Abutted seams.&lt;/p&gt;",,29,29,,WT07
1801,Antonia Racer Tank,"&lt;p&gt;You won't know what you like best about the Antonia Racer Tank: soft, stretchy, lightweight fabric? Super-cute colorblocked details? Whatever it is, this piece is sure to quickly move to the top of your workout rotation.&lt;/p&gt; &lt;p&gt;&amp;bull; Machine wash.&lt;br /&gt;&amp;bull; Line dry.&lt;/p&gt;",,34,34,,WT08
1817,Breathe-Easy Tank,"&lt;p&gt;The Breathe Easy Tank is so soft, lightweight, and comfortable, you won't even know it's there -- until its high-tech Cocona&amp;reg; fabric starts wicking sweat away from your body to help you stay dry and focused. Layer it over your favorite sports bra and get moving.&lt;/p&gt; &lt;p&gt;&amp;bull; Machine wash/dry.&lt;br /&gt;&amp;bull; Cocona&amp;reg; fabric.&lt;/p&gt;",,34,34,,WT09
1824,Karmen Yoga Pant,"&lt;p&gt;Good for running, hiking, lounging or stretching, the Cora Parachute Pant presents comfortable styling designed to help you look and feel great.&lt;/p&gt; &lt;p&gt;&amp;bull; Light blue parachute pants.&lt;br /&gt;&amp;bull; Power mesh internal waistband for support.&lt;br /&gt;&amp;bull; Internal waistband pocket.&lt;br /&gt;&amp;bull; Antimicrobial finish.&lt;/p&gt;","1831,1838,1845,1852,1859,1866,1873,1880,1887,1894,1901,1908",39,39,,WP01
1831,Emma Leggings,&lt;p&gt;These comfortable and practical leggings pair perfectly with any workout top or casual tee. The Emma's subtle contrast fabric and fit ensure you're stylish without overdoing it.&lt;/p&gt; &lt;p&gt;&amp;bull; Light blue heather yoga pants. &lt;br /&gt;&amp;bull; Body hugging fit.&lt;br /&gt;&amp;bull; Low rise fit.&lt;/p&gt;,"1838,1845,1852,1859,1866,1873,1880,1887,1901,1908",42,42,,WP02
1838,Ida Workout Parachute Pant,"&lt;p&gt;The Ida Workout Parachute Pant is made of lightweight, super-soft fabric that keeps you comfortable during any level of activity, whether Downward Dog or a few trail miles.&lt;/p&gt; &lt;p&gt;&amp;bull; Royal blue parachute pants.&lt;br /&gt;&amp;bull; Contrast stripe.&lt;br /&gt;&amp;bull; Relaxed fit. &lt;br /&gt;&amp;bull; Drawstring closure.&lt;br /&gt;&amp;bull; Machine wash/dry.&lt;/p&gt;","1845,1852,1859,1880,1887,1901,1908",48,48,,WP03
1845,Cora Parachute Pant,"&lt;p&gt;Good for running, hiking, lounging or stretching, the Cora Parachute Pant presents comfortable styling designed to help you look and feel great.&lt;/p&gt; &lt;p&gt;&amp;bull; Light blue parachute pants.&lt;br /&gt;&amp;bull; Power mesh internal waistband for support.&lt;br /&gt;&amp;bull; Internal waistband pocket.&lt;br /&gt;&amp;bull; Antimicrobial finish.&lt;/p&gt;",,75,75,,WP04
1852,Sahara Leggings,"&lt;p&gt;Contrast colors, full-length leggings, and opaque, high-stretch fabric define the Sahara. Flat-locked seams and quick-drying wicking properties prevent chafing. A deep elasticated waistband and carefully positioned seamlines create a flattering silhouette.&lt;/p&gt; &lt;p&gt;&amp;bull; Pinstripe legging with rouched ankles.&lt;br /&gt;&amp;bull; Secret pocket at waistband.&lt;br /&gt;&amp;bull; Flat seams for comfort.&lt;br /&gt;&amp;bull; Shaped fit with low rise.&lt;br /&gt;&amp;bull; 4-way stretch, moisture-wicking material.&lt;/p&gt;",,75,75,,WP05
1859,Diana Tights,"&lt;p&gt;Perfect for hot bikram session or cool-down stretching. 8-percent stretch means you'll feel like anything is possible in the capri-style Diana Tights.&lt;/p&gt; &lt;p&gt;&amp;bull; Black legging with slate details.&lt;br /&gt;&amp;bull; Flat-lock, chafe-free side seams.&lt;br /&gt;&amp;bull; Vented gusset.&lt;br /&gt;&amp;bull; Secret interior pocket.&lt;br /&gt;&amp;bull; Sustainable and recycled fabric.&lt;/p&gt;","1845,1852,1901",59,59,,WP06
1866,Aeon Capri,"&lt;p&gt;Reach for the stars and beyond in these Aeon Capri pant. With a soft, comfortable feel and moisture wicking fabric, these duo-tone leggings are easy to wear -- and wear attractively.&lt;/p&gt; &lt;p&gt;&amp;bull; Black capris with teal accents.&lt;br /&gt;&amp;bull; Thick, 3&quot; flattering waistband.&lt;br /&gt;&amp;bull; Media pocket on inner waistband.&lt;br /&gt;&amp;bull; Dry wick finish for ultimate comfort and dryness.&lt;/p&gt;","1845,1852,1859,1880,1887,1901,1908",48,48,,WP07
1873,Bardot Capri,"&lt;p&gt;Black is back &amp;mdash; was it ever gone? &amp;mdash; which means all your favorite tops will get along with the comfortable and versatile Bardot Capri.&lt;/p&gt; &lt;p&gt;&amp;bull; Black capris with pink waistband.&lt;br /&gt;&amp;bull; Cropped leggings.&lt;br /&gt;&amp;bull; Waistband drawcord. &lt;br /&gt;&amp;bull; Flat, thin and flattering.&lt;br /&gt;&amp;bull; Made with organic fabric.&lt;/p&gt;","1845,1852,1859,1880,1887,1901,1908",48,48,,WP08
1880,Carina Basic Capri,"&lt;p&gt;Perfect as workout pants or &quot;accessory,&quot; the Carina Basic Capri is comfy as it is practical -- try it under skirts or shorts.&lt;/p&gt; &lt;p&gt;&amp;bull; Black capris with rouching detail.&lt;br /&gt;&amp;bull; 93% cotton, 7% spandex.&lt;br /&gt;&amp;bull; Elasticized waistband.&lt;br /&gt;&amp;bull; Reinforced seams with exposed topstitching.&lt;br /&gt;&amp;bull; Soft, medium-weight jersey with added stretch.&lt;/p&gt;","1845,1852,1859,1901",51,51,,WP09
1887,Daria Bikram Pant,&lt;p&gt;The Daria Bikram Pant is designed to stretch and move with your body to make extreme yoga extremely comfortable.&lt;/p&gt; &lt;p&gt;&amp;bull; Heather gray capris with pink striped waist.&lt;br /&gt;&amp;bull; Flatlock seams.&lt;br /&gt;&amp;bull; Interior pocket.&lt;/p&gt;,"1845,1852,1859,1901",51,51,,WP10
1894,Sylvia Capri,"&lt;p&gt;Enjoy a sleek, slendering look in new Silvia Capri. Its engineer-designed support fabric feels great and gives the illusion of a slimmer fit.&lt;/p&gt; &lt;p&gt;&amp;bull; Green striped capri.&lt;br /&gt;&amp;bull; Strategic side seam&lt;br /&gt;&amp;bull; Comfort gusset with lining.&lt;br /&gt;&amp;bull; Flat seaming.&lt;br /&gt;&amp;bull; Wide waistband.&lt;br /&gt;&amp;bull; Moisture wicking.&lt;/p&gt;","1838,1845,1852,1859,1866,1873,1880,1887,1901,1908",42,42,,WP11
1901,Deirdre Relaxed-Fit Capri,"&lt;p&gt;Invigorate your yoga practice with this Deirdre Relaxed-Fit Capri, designed to let you move without strain or restriction.&lt;/p&gt; &lt;p&gt;&amp;bull; Heather gray capris with mint green waist &amp;amp; accents.&lt;br /&gt;&amp;bull; Comfortable, relaxed fit with high rise.&lt;br /&gt;&amp;bull; Moisture-wicking, 4-way stretch construction.&lt;br /&gt;&amp;bull; Lined with mesh for better support.&lt;br /&gt;&amp;bull; Hidden pocket at waistband.&lt;br /&gt;&amp;bull; Flatlock seams and lined gusset for comfort.&lt;/p&gt;","1845,1852",63,63,,WP12
1908,Portia Capri,"&lt;p&gt;From yoga at dawn to evenings curled up with a book, our Portia Capri gives you the comfort and freedom to cruise through the day. The high-waisted design keeps you covered while you're bending and stretching, while contrast stripes promise a dash of sporty style.&lt;/p&gt; &lt;p&gt;&amp;bull; Salmon heather capri sweats.&lt;br /&gt;&amp;bull; Relaxed fit, high waist. &lt;br /&gt;&amp;bull; Inseam: 21&quot;. &lt;br /&gt;&amp;bull; Wide elastic waistband. &lt;br /&gt;&amp;bull; Machine wash/dry.&lt;/p&gt;","1845,1852,1859,1880,1887,1901",49,49,,WP13
1924,Fiona Fitness Short,"&lt;p&gt;Don't let the plain style fool you: the Fiona Fitness Short demands notice on several levels. Comfort, of course. But also a performance-grade wicking fabric that takes everything you can give.&lt;/p&gt; &lt;p&gt;&amp;bull; Black run shorts &lt;br /&gt;- cotton/spandex.&lt;br /&gt;&amp;bull; 5&amp;rdquo; inseam.&lt;br /&gt;&amp;bull; Machine wash/Line dry.&lt;/p&gt;",,29,29,,WSH01
1940,Maxima Drawstring Short,"&lt;p&gt;Even laid-back women like to stay stylish, and that's just what the Maxima Drawstring Short delivers. An elastic waist keeps the fit flexible, on the deck at home or on a trail walk. Sporty tennis flair adds an athletic accent.&lt;/p&gt; &lt;p&gt;&amp;bull; Light gray run shorts &lt;br /&gt;- cotton polyester. &lt;br /&gt;&amp;bull; Contrast binding. &lt;br /&gt;&amp;bull; 3&quot; inseam. &lt;br /&gt;&amp;bull; Machine wash/dry.&lt;/p&gt;",,28,28,,WSH02
1956,Gwen Drawstring Bike Short,"&lt;p&gt;For a completely modern style with moisture-wicking CoolTech&amp;trade; technology, try the Gwen Drawstring Bike Short. Subtle grays and eye catching stitching combine with an adjustable waist for the perfect look and fit.&lt;/p&gt; &lt;p&gt;&amp;bull; Dark heather gray rouched bike shorts.&lt;br /&gt;&amp;bull; Fitted. Inseam: 2&quot;. &lt;br /&gt;&amp;bull; Machine wash/dry.&lt;/p&gt;",,50,50,,WSH03
1972,Artemis Running Short,"&lt;p&gt;Discover smooth jogging and chic comfort each time you slip into the Artemis Running Short. A unique maritime-inspired design and oolor theme features a stretchy drawstring waist.&lt;/p&gt; &lt;p&gt;&amp;bull; Black rouched shorts with mint waist. &lt;br /&gt;&amp;bull; Soft, lightweight construction.&lt;br /&gt;&amp;bull; LumaTech&amp;trade; wicking technology.&lt;br /&gt;&amp;bull; Semi-fitted.&lt;/p&gt;",,45,45,,WSH04
1988,Bess Yoga Short,"&lt;p&gt;Designed for intense physical activity &amp;ndash; think bikram &amp;ndash; our Bess Yoga Short features moisture-wicking, four-way stretch fabric that lets you move in every which way. A vented gusset adds breathability and range of motion.&lt;/p&gt; &lt;p&gt;&amp;bull; Navy cotton shorts with light bue waist detail.&lt;br /&gt;&amp;bull; Front shirred waistband.&lt;br /&gt;&amp;bull; Flat-lock, chafe-free side seams.&lt;br /&gt;&amp;bull; Vented gusset.&lt;br /&gt;&amp;bull; Hidden interior pocket.&lt;br /&gt;&amp;bull; Sustainable and recycled fabric.&lt;/p&gt;",,28,28,,WSH05
1995,Angel Light Running Short,"&lt;p&gt;The Angel Light Running Short offers comfort in an ultra-lightweight, breathable package. With fabric infused with all-natural Cocona&amp;reg; performance technology, it can whisk away sweat and block UV rays.&lt;/p&gt; &lt;p&gt;&amp;bull; Dark heather gray running shorts.&lt;br /&gt;&amp;bull; Snug fit. &lt;br /&gt;&amp;bull; Elastic waistband. &lt;br /&gt;&amp;bull; Cocona&amp;reg; performance fabric. &lt;br /&gt;&amp;bull; Machine wash/dry.&lt;/p&gt;",,42,42,,WSH06
